Tsc;Material;SupplierNumber;SupplierName;SupplierCountry
TRIT;53424;S_CH01_0065180;Trafag AG;CH
TRIT;53459;S_CH01_0065180;Trafag AG;CH
TRIT;53476;S_CH01_0065180;Trafag AG;CH
TRIT;53545;S_CH01_0065180;Trafag AG;CH
TRIT;53546;S_CH01_0065180;Trafag AG;CH
TRIT;53593;S_CH01_0065180;Trafag AG;CH
TRIT;53731;S_CH01_0065180;Trafag AG;CH
TRIT;53740;S_CH01_0065180;Trafag AG;CH
TRIT;53753;S_CH01_0065180;Trafag AG;CH
TRIT;53754;S_CH01_0065180;Trafag AG;CH
TRIT;53779;S_CH01_0065180;Trafag AG;CH
TRIT;53780;S_CH01_0065180;Trafag AG;CH
TRIT;53837;S_CH01_0065180;Trafag AG;CH
TRIT;53838;S_CH01_0065180;Trafag AG;CH
TRIT;53864;S_CH01_0065180;Trafag AG;CH
TRIT;53880;S_CH01_0065180;Trafag AG;CH
TRIT;53881;S_CH01_0065180;Trafag AG;CH
TRIT;53882;S_CH01_0065180;Trafag AG;CH
TRIT;53883;S_CH01_0065180;Trafag AG;CH
TRIT;53884;S_CH01_0065180;Trafag AG;CH
TRIT;53885;S_CH01_0065180;Trafag AG;CH
TRIT;53886;S_CH01_0065180;Trafag AG;CH
TRIT;53887;S_CH01_0065180;Trafag AG;CH
TRIT;53888;S_CH01_0065180;Trafag AG;CH
TRIT;53889;S_CH01_0065180;Trafag AG;CH
TRIT;53890;S_CH01_0065180;Trafag AG;CH
TRIT;53891;S_CH01_0065180;Trafag AG;CH
TRIT;53945;S_CH01_0065180;Trafag AG;CH
TRIT;54143;S_CH01_0065180;Trafag AG;CH
TRIT;54162;S_CH01_0065180;Trafag AG;CH
TRIT;54213;S_CH01_0065180;Trafag AG;CH
TRIT;54214;S_CH01_0065180;Trafag AG;CH
TRIT;54215;S_CH01_0065180;Trafag AG;CH
TRIT;54216;S_CH01_0065180;Trafag AG;CH
TRIT;54349;S_CH01_0065180;Trafag AG;CH
TRIT;54361;S_CH01_0065180;Trafag AG;CH
TRIT;54406;S_CH01_0065180;Trafag AG;CH
TRIT;54486;S_CH01_0065180;Trafag AG;CH
TRIT;54507;S_CH01_0065180;Trafag AG;CH
TRIT;54538;S_CH01_0065180;Trafag AG;CH
TRIT;54664;S_CH01_0065180;Trafag AG;CH
TRIT;54666;S_CH01_0065180;Trafag AG;CH
TRIT;54702;S_CH01_0065180;Trafag AG;CH
TRIT;54707;S_CH01_0065180;Trafag AG;CH
TRIT;54740;S_CH01_0065180;Trafag AG;CH
TRIT;54767;S_CH01_0065180;Trafag AG;CH
TRIT;54775;S_CH01_0065180;Trafag AG;CH
TRIT;54993;S_CH01_0065180;Trafag AG;CH
TRIT;54994;S_CH01_0065180;Trafag AG;CH
TRIT;55001;S_CH01_0065180;Trafag AG;CH
TRIT;55032;S_CH01_0065180;Trafag AG;CH
TRIT;55135;S_CH01_0065180;Trafag AG;CH
TRIT;55161;S_CH01_0065180;Trafag AG;CH
TRIT;55162;S_CH01_0065180;Trafag AG;CH
TRIT;55170;S_CH01_0065180;Trafag AG;CH
TRIT;55267;S_CH01_0065180;Trafag AG;CH
TRIT;55296;S_CH01_0065180;Trafag AG;CH
TRIT;55297;S_CH01_0065180;Trafag AG;CH
TRIT;55305;S_CH01_0065180;Trafag AG;CH
TRIT;55306;S_CH01_0065180;Trafag AG;CH
TRIT;55309;S_CH01_0065180;Trafag AG;CH
TRIT;55361;S_CH01_0065180;Trafag AG;CH
TRIT;55367;S_CH01_0065180;Trafag AG;CH
TRIT;55457;S_CH01_0065180;Trafag AG;CH
TRIT;55464;S_CH01_0065180;Trafag AG;CH
TRIT;55465;S_CH01_0065180;Trafag AG;CH
TRIT;55483;S_CH01_0065180;Trafag AG;CH
TRIT;55511;S_CH01_0065180;Trafag AG;CH
TRIT;55560;S_CH01_0065180;Trafag AG;CH
TRIT;55573;S_CH01_0065180;Trafag AG;CH
TRIT;55575;S_CH01_0065180;Trafag AG;CH
TRIT;55579;S_CH01_0065180;Trafag AG;CH
TRIT;55580;S_CH01_0065180;Trafag AG;CH
TRIT;55582;S_CH01_0065180;Trafag AG;CH
TRIT;55583;S_CH01_0065180;Trafag AG;CH
TRIT;55590;S_CH01_0065180;Trafag AG;CH
TRIT;55665;S_CH01_0065180;Trafag AG;CH
TRIT;55736;S_CH01_0065180;Trafag AG;CH
TRIT;55761;S_CH01_0065180;Trafag AG;CH
TRIT;55821;S_CH01_0065180;Trafag AG;CH
TRIT;55822;S_CH01_0065180;Trafag AG;CH
TRIT;55823;S_CH01_0065180;Trafag AG;CH
TRIT;55824;S_CH01_0065180;Trafag AG;CH
TRIT;55825;S_CH01_0065180;Trafag AG;CH
TRIT;55852;S_CH01_0065180;Trafag AG;CH
TRIT;55901;S_CH01_0065180;Trafag AG;CH
TRIT;55916;S_CH01_0065180;Trafag AG;CH
TRIT;56196;S_CH01_0065180;Trafag AG;CH
TRIT;56272;S_CH01_0065180;Trafag AG;CH
TRIT;56347;S_CH01_0065180;Trafag AG;CH
TRIT;56348;S_CH01_0065180;Trafag AG;CH
TRIT;56349;S_CH01_0065180;Trafag AG;CH
TRIT;56350;S_CH01_0065180;Trafag AG;CH
TRIT;56351;S_CH01_0065180;Trafag AG;CH
TRIT;56412;S_CH01_0065180;Trafag AG;CH
TRIT;56455;S_CH01_0065180;Trafag AG;CH
TRIT;56473;S_CH01_0065180;Trafag AG;CH
TRIT;56505;S_CH01_0065180;Trafag AG;CH
TRIT;56506;S_CH01_0065180;Trafag AG;CH
TRIT;56636;S_CH01_0065180;Trafag AG;CH
TRIT;56640;S_CH01_0065180;Trafag AG;CH
TRIT;56641;S_CH01_0065180;Trafag AG;CH
TRIT;56642;S_CH01_0065180;Trafag AG;CH
TRIT;56643;S_CH01_0065180;Trafag AG;CH
TRIT;56644;S_CH01_0065180;Trafag AG;CH
TRIT;56645;S_CH01_0065180;Trafag AG;CH
TRIT;56646;S_CH01_0065180;Trafag AG;CH
TRIT;56647;S_CH01_0065180;Trafag AG;CH
TRIT;56649;S_CH01_0065180;Trafag AG;CH
TRIT;56650;S_CH01_0065180;Trafag AG;CH
TRIT;56681;S_CH01_0065180;Trafag AG;CH
TRIT;56685;S_CH01_0065180;Trafag AG;CH
TRIT;56686;S_CH01_0065180;Trafag AG;CH
TRIT;56713;S_CH01_0065180;Trafag AG;CH
TRIT;56714;S_CH01_0065180;Trafag AG;CH
TRIT;56715;S_CH01_0065180;Trafag AG;CH
TRIT;56718;S_CH01_0065180;Trafag AG;CH
TRIT;56719;S_CH01_0065180;Trafag AG;CH
TRIT;56720;S_CH01_0065180;Trafag AG;CH
TRIT;56721;S_CH01_0065180;Trafag AG;CH
TRIT;56722;S_CH01_0065180;Trafag AG;CH
TRIT;56723;S_CH01_0065180;Trafag AG;CH
TRIT;56724;S_CH01_0065180;Trafag AG;CH
TRIT;56727;S_CH01_0065180;Trafag AG;CH
TRIT;56735;S_CH01_0065180;Trafag AG;CH
TRIT;56737;S_CH01_0065180;Trafag AG;CH
TRIT;56738;S_CH01_0065180;Trafag AG;CH
TRIT;56741;S_CH01_0065180;Trafag AG;CH
TRIT;56746;S_CH01_0065180;Trafag AG;CH
TRIT;56747;S_CH01_0065180;Trafag AG;CH
TRIT;56750;S_CH01_0065180;Trafag AG;CH
TRIT;56759;S_CH01_0065180;Trafag AG;CH
TRIT;56768;S_CH01_0065180;Trafag AG;CH
TRIT;56769;S_CH01_0065180;Trafag AG;CH
TRIT;56770;S_CH01_0065180;Trafag AG;CH
TRIT;56773;S_CH01_0065180;Trafag AG;CH
TRIT;56774;S_CH01_0065180;Trafag AG;CH
TRIT;56775;S_CH01_0065180;Trafag AG;CH
TRIT;56787;S_CH01_0065180;Trafag AG;CH
TRIT;56831;S_CH01_0065180;Trafag AG;CH
TRIT;56839;S_CH01_0065180;Trafag AG;CH
TRIT;56840;S_CH01_0065180;Trafag AG;CH
TRIT;56841;S_CH01_0065180;Trafag AG;CH
TRIT;56842;S_CH01_0065180;Trafag AG;CH
TRIT;56843;S_CH01_0065180;Trafag AG;CH
TRIT;56844;S_CH01_0065180;Trafag AG;CH
TRIT;56845;S_CH01_0065180;Trafag AG;CH
TRIT;56846;S_CH01_0065180;Trafag AG;CH
TRIT;56847;S_CH01_0065180;Trafag AG;CH
TRIT;56848;S_CH01_0065180;Trafag AG;CH
TRIT;56849;S_CH01_0065180;Trafag AG;CH
TRIT;56851;S_CH01_0065180;Trafag AG;CH
TRIT;56852;S_CH01_0065180;Trafag AG;CH
TRIT;56853;S_CH01_0065180;Trafag AG;CH
TRIT;56879;S_CH01_0065180;Trafag AG;CH
TRIT;56882;S_CH01_0065180;Trafag AG;CH
TRIT;56919;S_CH01_0065180;Trafag AG;CH
TRIT;56970;S_CH01_0065180;Trafag AG;CH
TRIT;56971;S_CH01_0065180;Trafag AG;CH
TRIT;57001;S_CH01_0065180;Trafag AG;CH
TRIT;57020;S_CH01_0065180;Trafag AG;CH
TRIT;57024;S_CH01_0065180;Trafag AG;CH
TRIT;57025;S_CH01_0065180;Trafag AG;CH
TRIT;57043;S_CH01_0065180;Trafag AG;CH
TRIT;57049;S_CH01_0065180;Trafag AG;CH
TRIT;57051;S_CH01_0065180;Trafag AG;CH
TRIT;57123;S_CH01_0065180;Trafag AG;CH
TRIT;57177;S_CH01_0065180;Trafag AG;CH
TRIT;57184;S_CH01_0065180;Trafag AG;CH
TRIT;57202;S_CH01_0065180;Trafag AG;CH
TRIT;57204;S_CH01_0065180;Trafag AG;CH
TRIT;57205;S_CH01_0065180;Trafag AG;CH
TRIT;57208;S_CH01_0065180;Trafag AG;CH
TRIT;57209;S_CH01_0065180;Trafag AG;CH
TRIT;57261;S_CH01_0065180;Trafag AG;CH
TRIT;57274;S_CH01_0065180;Trafag AG;CH
TRIT;57297;S_CH01_0065180;Trafag AG;CH
TRIT;57314;S_CH01_0065180;Trafag AG;CH
TRIT;57315;S_CH01_0065180;Trafag AG;CH
TRIT;57360;S_CH01_0065180;Trafag AG;CH
TRIT;57376;S_CH01_0065180;Trafag AG;CH
TRIT;57381;S_CH01_0065180;Trafag AG;CH
TRIT;57384;S_CH01_0065180;Trafag AG;CH
TRIT;57389;S_CH01_0065180;Trafag AG;CH
TRIT;57398;S_CH01_0065180;Trafag AG;CH
TRIT;57399;S_CH01_0065180;Trafag AG;CH
TRIT;57400;S_CH01_0065180;Trafag AG;CH
TRIT;57406;S_CH01_0065180;Trafag AG;CH
TRIT;57414;S_CH01_0065180;Trafag AG;CH
TRIT;57417;S_CH01_0065180;Trafag AG;CH
TRIT;57421;S_CH01_0065180;Trafag AG;CH
TRIT;57440;S_CH01_0065180;Trafag AG;CH
TRIT;57478;S_CH01_0065180;Trafag AG;CH
TRIT;57581;S_CH01_0065180;Trafag AG;CH
TRIT;57604;S_CH01_0065180;Trafag AG;CH
TRIT;57618;S_CH01_0065180;Trafag AG;CH
TRIT;57666;S_CH01_0065180;Trafag AG;CH
TRIT;57729;S_CH01_0065180;Trafag AG;CH
TRIT;57749;S_CH01_0065180;Trafag AG;CH
TRIT;57816;S_CH01_0065180;Trafag AG;CH
TRIT;57823;S_CH01_0065180;Trafag AG;CH
TRIT;57824;S_CH01_0065180;Trafag AG;CH
TRIT;57938;S_CH01_0065180;Trafag AG;CH
TRIT;57981;S_CH01_0065180;Trafag AG;CH
TRIT;57997;S_CH01_0065180;Trafag AG;CH
TRIT;58031;S_CH01_0065180;Trafag AG;CH
TRIT;58053;S_CH01_0065180;Trafag AG;CH
TRIT;58071;S_CH01_0065180;Trafag AG;CH
TRIT;58072;S_CH01_0065180;Trafag AG;CH
TRIT;58132;S_CH01_0065180;Trafag AG;CH
TRIT;58137;S_CH01_0065180;Trafag AG;CH
TRIT;58165;S_CH01_0065180;Trafag AG;CH
TRIT;58256;S_CH01_0065180;Trafag AG;CH
TRIT;58319;S_CH01_0065180;Trafag AG;CH
TRIT;58438;S_CH01_0065180;Trafag AG;CH
TRIT;58444;S_CH01_0065180;Trafag AG;CH
TRIT;58473;S_CH01_0065180;Trafag AG;CH
TRIT;58549;S_CH01_0065180;Trafag AG;CH
TRIT;58573;S_CH01_0065180;Trafag AG;CH
TRIT;58580;S_CH01_0065180;Trafag AG;CH
TRIT;58581;S_CH01_0065180;Trafag AG;CH
TRIT;58582;S_CH01_0065180;Trafag AG;CH
TRIT;58583;S_CH01_0065180;Trafag AG;CH
TRIT;58604;S_CH01_0065180;Trafag AG;CH
TRIT;58605;S_CH01_0065180;Trafag AG;CH
TRIT;58606;S_CH01_0065180;Trafag AG;CH
TRIT;58607;S_CH01_0065180;Trafag AG;CH
TRIT;58608;S_CH01_0065180;Trafag AG;CH
TRIT;58609;S_CH01_0065180;Trafag AG;CH
TRIT;58612;S_CH01_0065180;Trafag AG;CH
TRIT;58613;S_CH01_0065180;Trafag AG;CH
TRIT;58617;S_CH01_0065180;Trafag AG;CH
TRIT;58618;S_CH01_0065180;Trafag AG;CH
TRIT;58621;S_CH01_0065180;Trafag AG;CH
TRIT;58622;S_CH01_0065180;Trafag AG;CH
TRIT;58642;S_CH01_0065180;Trafag AG;CH
TRIT;58683;S_CH01_0065180;Trafag AG;CH
TRIT;58708;S_CH01_0065180;Trafag AG;CH
TRIT;58723;S_CH01_0065180;Trafag AG;CH
TRIT;58766;S_CH01_0065180;Trafag AG;CH
TRIT;58768;S_CH01_0065180;Trafag AG;CH
TRIT;58770;S_CH01_0065180;Trafag AG;CH
TRIT;58787;S_CH01_0065180;Trafag AG;CH
TRIT;58820;S_CH01_0065180;Trafag AG;CH
TRIT;58845;S_CH01_0065180;Trafag AG;CH
TRIT;58874;S_CH01_0065180;Trafag AG;CH
TRIT;58897;S_CH01_0065180;Trafag AG;CH
TRIT;59024;S_CH01_0065180;Trafag AG;CH
TRIT;59099;S_CH01_0065180;Trafag AG;CH
TRIT;59126;S_CH01_0065180;Trafag AG;CH
TRIT;59128;S_CH01_0065180;Trafag AG;CH
TRIT;59142;S_CH01_0065180;Trafag AG;CH
TRIT;59162;S_CH01_0065180;Trafag AG;CH
TRIT;59171;S_CH01_0065180;Trafag AG;CH
TRIT;59226;S_CH01_0065180;Trafag AG;CH
TRIT;59230;S_CH01_0065180;Trafag AG;CH
TRIT;59313;S_CH01_0065180;Trafag AG;CH
TRIT;59315;S_CH01_0065180;Trafag AG;CH
TRIT;59367;S_CH01_0065180;Trafag AG;CH
TRIT;59432;S_CH01_0065180;Trafag AG;CH
TRIT;59496;S_CH01_0065180;Trafag AG;CH
TRIT;59516;S_CH01_0065180;Trafag AG;CH
TRIT;59568;S_CH01_0065180;Trafag AG;CH
TRIT;59574;S_CH01_0065180;Trafag AG;CH
TRIT;59594;S_CH01_0065180;Trafag AG;CH
TRIT;59660;S_CH01_0065180;Trafag AG;CH
TRIT;59762;S_CH01_0065180;Trafag AG;CH
TRIT;59773;S_CH01_0065180;Trafag AG;CH
TRIT;59777;S_CH01_0065180;Trafag AG;CH
TRIT;59784;S_CH01_0065180;Trafag AG;CH
TRIT;59980;S_CH01_0065180;Trafag AG;CH
TRIT;59991;S_CH01_0065180;Trafag AG;CH
TRIT;59992;S_CH01_0065180;Trafag AG;CH
TRIT;60073;S_CH01_0065180;Trafag AG;CH
TRIT;60151;S_CH01_0065180;Trafag AG;CH
TRIT;60347;S_CH01_0065180;Trafag AG;CH
TRIT;60365;S_CH01_0065180;Trafag AG;CH
TRIT;60380;S_CH01_0065180;Trafag AG;CH
TRIT;60397;S_CH01_0065180;Trafag AG;CH
TRIT;60581;S_CH01_0065180;Trafag AG;CH
TRIT;60645;S_CH01_0065180;Trafag AG;CH
TRIT;60652;S_CH01_0065180;Trafag AG;CH
TRIT;60663;S_CH01_0065180;Trafag AG;CH
TRIT;60696;S_CH01_0065180;Trafag AG;CH
TRIT;60775;S_CH01_0065180;Trafag AG;CH
TRIT;60777;S_CH01_0065180;Trafag AG;CH
TRIT;60918;S_CH01_0065180;Trafag AG;CH
TRIT;60990;S_CH01_0065180;Trafag AG;CH
TRIT;61126;S_CH01_0065180;Trafag AG;CH
TRIT;61130;S_CH01_0065180;Trafag AG;CH
TRIT;61354;S_CH01_0065180;Trafag AG;CH
TRIT;61369;S_CH01_0065180;Trafag AG;CH
TRIT;61408;S_CH01_0065180;Trafag AG;CH
TRIT;61496;S_CH01_0065180;Trafag AG;CH
TRIT;61512;S_CH01_0065180;Trafag AG;CH
TRIT;61515;S_CH01_0065180;Trafag AG;CH
TRIT;61516;S_CH01_0065180;Trafag AG;CH
TRIT;61517;S_CH01_0065180;Trafag AG;CH
TRIT;61518;S_CH01_0065180;Trafag AG;CH
TRIT;61519;S_CH01_0065180;Trafag AG;CH
TRIT;61520;S_CH01_0065180;Trafag AG;CH
TRIT;61521;S_CH01_0065180;Trafag AG;CH
TRIT;61524;S_CH01_0065180;Trafag AG;CH
TRIT;61652;S_CH01_0065180;Trafag AG;CH
TRIT;61714;S_CH01_0065180;Trafag AG;CH
TRIT;61985;S_CH01_0065180;Trafag AG;CH
TRIT;62028;S_CH01_0065180;Trafag AG;CH
TRIT;62045;S_CH01_0065180;Trafag AG;CH
TRIT;62049;S_CH01_0065180;Trafag AG;CH
TRIT;62050;S_CH01_0065180;Trafag AG;CH
TRIT;62051;S_CH01_0065180;Trafag AG;CH
TRIT;62053;S_CH01_0065180;Trafag AG;CH
TRIT;62055;S_CH01_0065180;Trafag AG;CH
TRIT;62056;S_CH01_0065180;Trafag AG;CH
TRIT;62102;S_CH01_0065180;Trafag AG;CH
TRIT;62187;S_CH01_0065180;Trafag AG;CH
TRIT;62422;S_CH01_0065180;Trafag AG;CH
TRIT;62424;S_CH01_0065180;Trafag AG;CH
TRIT;62491;S_CH01_0065180;Trafag AG;CH
TRIT;62492;S_CH01_0065180;Trafag AG;CH
TRIT;62504;S_CH01_0065180;Trafag AG;CH
TRIT;62569;S_CH01_0065180;Trafag AG;CH
TRIT;62619;S_CH01_0065180;Trafag AG;CH
TRIT;62628;S_CH01_0065180;Trafag AG;CH
TRIT;62671;S_CH01_0065180;Trafag AG;CH
TRIT;62703;S_CH01_0065180;Trafag AG;CH
TRIT;62885;S_CH01_0065180;Trafag AG;CH
TRIT;63056;S_CH01_0065180;Trafag AG;CH
TRIT;63084;S_CH01_0065180;Trafag AG;CH
TRIT;63103;S_CH01_0065180;Trafag AG;CH
TRIT;63160;S_CH01_0065180;Trafag AG;CH
TRIT;63289;S_CH01_0065180;Trafag AG;CH
TRIT;63327;S_CH01_0065180;Trafag AG;CH
TRIT;63339;S_CH01_0065180;Trafag AG;CH
TRIT;63443;S_CH01_0065180;Trafag AG;CH
TRIT;63444;S_CH01_0065180;Trafag AG;CH
TRIT;63498;S_CH01_0065180;Trafag AG;CH
TRIT;63519;S_CH01_0065180;Trafag AG;CH
TRIT;63521;S_CH01_0065180;Trafag AG;CH
TRIT;63522;S_CH01_0065180;Trafag AG;CH
TRIT;63523;S_CH01_0065180;Trafag AG;CH
TRIT;63544;S_CH01_0065180;Trafag AG;CH
TRIT;63547;S_CH01_0065180;Trafag AG;CH
TRIT;63574;S_CH01_0065180;Trafag AG;CH
TRIT;63580;S_CH01_0065180;Trafag AG;CH
TRIT;63585;S_CH01_0065180;Trafag AG;CH
TRIT;63594;S_CH01_0065180;Trafag AG;CH
TRIT;63629;S_CH01_0065180;Trafag AG;CH
TRIT;63635;S_CH01_0065180;Trafag AG;CH
TRIT;63636;S_CH01_0065180;Trafag AG;CH
TRIT;63660;S_CH01_0065180;Trafag AG;CH
TRIT;63689;S_CH01_0065180;Trafag AG;CH
TRIT;63718;S_CH01_0065180;Trafag AG;CH
TRIT;63751;S_CH01_0065180;Trafag AG;CH
TRIT;63756;S_CH01_0065180;Trafag AG;CH
TRIT;63760;S_CH01_0065180;Trafag AG;CH
TRIT;63784;S_CH01_0065180;Trafag AG;CH
TRIT;63785;S_CH01_0065180;Trafag AG;CH
TRIT;63812;S_CH01_0065180;Trafag AG;CH
TRIT;63878;S_CH01_0065180;Trafag AG;CH
TRIT;63879;S_CH01_0065180;Trafag AG;CH
TRIT;63898;S_CH01_0065180;Trafag AG;CH
TRIT;63969;S_CH01_0065180;Trafag AG;CH
TRIT;63970;S_CH01_0065180;Trafag AG;CH
TRIT;64006;S_CH01_0065180;Trafag AG;CH
TRIT;64007;S_CH01_0065180;Trafag AG;CH
TRIT;64022;S_CH01_0065180;Trafag AG;CH
TRIT;64032;S_CH01_0065180;Trafag AG;CH
TRIT;64060;S_CH01_0065180;Trafag AG;CH
TRIT;64079;S_CH01_0065180;Trafag AG;CH
TRIT;64093;S_CH01_0065180;Trafag AG;CH
TRIT;64094;S_CH01_0065180;Trafag AG;CH
TRIT;64095;S_CH01_0065180;Trafag AG;CH
TRIT;64105;S_CH01_0065180;Trafag AG;CH
TRIT;64118;S_CH01_0065180;Trafag AG;CH
TRIT;64188;S_CH01_0065180;Trafag AG;CH
TRIT;64189;S_CH01_0065180;Trafag AG;CH
TRIT;64190;S_CH01_0065180;Trafag AG;CH
TRIT;64217;S_CH01_0065180;Trafag AG;CH
TRIT;64218;S_CH01_0065180;Trafag AG;CH
TRIT;64219;S_CH01_0065180;Trafag AG;CH
TRIT;64221;S_CH01_0065180;Trafag AG;CH
TRIT;64222;S_CH01_0065180;Trafag AG;CH
TRIT;64268;S_CH01_0065180;Trafag AG;CH
TRIT;64269;S_CH01_0065180;Trafag AG;CH
TRIT;64271;S_CH01_0065180;Trafag AG;CH
TRIT;64279;S_CH01_0065180;Trafag AG;CH
TRIT;64298;S_CH01_0065180;Trafag AG;CH
TRIT;64314;S_CH01_0065180;Trafag AG;CH
TRIT;64337;S_CH01_0065180;Trafag AG;CH
TRIT;64443;S_CH01_0065180;Trafag AG;CH
TRIT;64471;S_CH01_0065180;Trafag AG;CH
TRIT;64496;S_CH01_0065180;Trafag AG;CH
TRIT;64609;S_CH01_0065180;Trafag AG;CH
TRIT;64610;S_CH01_0065180;Trafag AG;CH
TRIT;64684;S_CH01_0065180;Trafag AG;CH
TRIT;64706;S_CH01_0065180;Trafag AG;CH
TRIT;64707;S_CH01_0065180;Trafag AG;CH
TRIT;64708;S_CH01_0065180;Trafag AG;CH
TRIT;64750;S_CH01_0065180;Trafag AG;CH
TRIT;64751;S_CH01_0065180;Trafag AG;CH
TRIT;64782;S_CH01_0065180;Trafag AG;CH
TRIT;64783;S_CH01_0065180;Trafag AG;CH
TRIT;64784;S_CH01_0065180;Trafag AG;CH
TRIT;64785;S_CH01_0065180;Trafag AG;CH
TRIT;64786;S_CH01_0065180;Trafag AG;CH
TRIT;64787;S_CH01_0065180;Trafag AG;CH
TRIT;64825;S_CH01_0065180;Trafag AG;CH
TRIT;64912;S_CH01_0065180;Trafag AG;CH
TRIT;64939;S_CH01_0065180;Trafag AG;CH
TRIT;65067;S_CH01_0065180;Trafag AG;CH
TRIT;65068;S_CH01_0065180;Trafag AG;CH
TRIT;65076;S_CH01_0065180;Trafag AG;CH
TRIT;65078;S_CH01_0065180;Trafag AG;CH
TRIT;65179;S_CH01_0065180;Trafag AG;CH
TRIT;65222;S_CH01_0065180;Trafag AG;CH
TRIT;65258;S_CH01_0065180;Trafag AG;CH
TRIT;65262;S_CH01_0065180;Trafag AG;CH
TRIT;65283;S_CH01_0065180;Trafag AG;CH
TRIT;65287;S_CH01_0065180;Trafag AG;CH
TRIT;65332;S_CH01_0065180;Trafag AG;CH
TRIT;65498;S_CH01_0065180;Trafag AG;CH
TRIT;65561;S_CH01_0065180;Trafag AG;CH
TRIT;65608;S_CH01_0065180;Trafag AG;CH
TRIT;65612;S_CH01_0065180;Trafag AG;CH
TRIT;65629;S_CH01_0065180;Trafag AG;CH
TRIT;65630;S_CH01_0065180;Trafag AG;CH
TRIT;65888;S_CH01_0065180;Trafag AG;CH
TRIT;C20261;S_CH01_0065180;Trafag AG;CH
TRIT;D34285;S_CH01_0065180;Trafag AG;CH
TRIT;F50025;S_CH01_0065180;Trafag AG;CH
TRIT;F87112;S_CH01_0065180;Trafag AG;CH
TRIT;F90070;S_CH01_0065180;Trafag AG;CH
TRIT;GC10478;S_IT01_0000042;ITEC S.R.L.;IT
TRIT;GC10479;S_IT01_0000042;ITEC S.R.L.;IT
TRIT;GC10480;S_IT01_0000042;ITEC S.R.L.;IT
TRIT;GC10484;S_IT01_0000042;ITEC S.R.L.;IT
TRIT;GC10485;S_IT01_0000042;ITEC S.R.L.;IT
TRIT;GC10486;S_IT01_0000042;ITEC S.R.L.;IT
TRIT;GC10497;S_IT01_0000042;ITEC S.R.L.;IT
TRIT;GC10508;S_IT01_0000106;SENSECA ITALY S.R.L.;IT
TRIT;GC10523;S_IT01_0000042;ITEC S.R.L.;IT
TRIT;GC10533;S_IT01_0000042;ITEC S.R.L.;IT
TRIT;GC10541;S_IT01_0000042;ITEC S.R.L.;IT
TRIT;GC10542;S_IT01_0000042;ITEC S.R.L.;IT
TRIT;GC10546;S_IT01_0000106;SENSECA ITALY S.R.L.;IT
TRIT;GC10571;S_IT01_0000042;ITEC S.R.L.;IT
TRIT;GC10584;S_IT01_0000042;ITEC S.R.L.;IT
TRIT;GC10610;S_IT01_0000106;SENSECA ITALY S.R.L.;IT
TRIT;GC10622;S_IT01_0000106;SENSECA ITALY S.R.L.;IT
TRIT;GC10640;S_IT01_0000106;SENSECA ITALY S.R.L.;IT
TRIT;GC10642;S_IT01_0000042;ITEC S.R.L.;IT
TRIT;GC10645;S_IT01_0000106;SENSECA ITALY S.R.L.;IT
TRIT;GC10662;S_IT01_0000042;ITEC S.R.L.;IT
TRIT;GC10666;S_IT01_0000042;ITEC S.R.L.;IT
TRIT;GC10679;S_IT01_0000042;ITEC S.R.L.;IT
TRIT;GC10710;S_IT01_0000106;SENSECA ITALY S.R.L.;IT
TRIT;GC10728;S_IT01_0000042;ITEC S.R.L.;IT
TRIT;GC10747;S_IT01_0000106;SENSECA ITALY S.R.L.;IT
TRIT;GC10759;S_IT01_0000042;ITEC S.R.L.;IT
TRIT;GC10768;S_IT01_0000042;ITEC S.R.L.;IT
TRIT;GC10769;S_IT01_0000106;SENSECA ITALY S.R.L.;IT
TRIT;GC10773;S_IT01_0000042;ITEC S.R.L.;IT
TRIT;GC10776;S_IT01_0000106;SENSECA ITALY S.R.L.;IT
TRIT;GC10781;S_IT01_0000106;SENSECA ITALY S.R.L.;IT
TRIT;GC10796;S_IT01_0000106;SENSECA ITALY S.R.L.;IT
TRIT;GC10803;S_IT01_0000106;SENSECA ITALY S.R.L.;IT
TRIT;GC10806;S_IT01_0000042;ITEC S.R.L.;IT
TRIT;GC10809;S_IT01_0000042;ITEC S.R.L.;IT
TRIT;GC10819;S_IT01_0000106;SENSECA ITALY S.R.L.;IT
TRIT;GC10821;S_IT01_0000106;SENSECA ITALY S.R.L.;IT
TRIT;GC10844;S_IT01_0000042;ITEC S.R.L.;IT
TRIT;GC10848;S_IT01_0000106;SENSECA ITALY S.R.L.;IT
TRIT;GC10851;S_IT01_0000042;ITEC S.R.L.;IT
TRIT;GC10852;S_IT01_0000042;ITEC S.R.L.;IT
TRIT;GC10854;S_IT01_0000106;SENSECA ITALY S.R.L.;IT
TRIT;GC10862;S_IT01_0000042;ITEC S.R.L.;IT
TRIT;GC10866;S_IT01_0000106;SENSECA ITALY S.R.L.;IT
TRIT;GC10875;S_IT01_0000106;SENSECA ITALY S.R.L.;IT
TRIT;GC10876;S_IT01_0000106;SENSECA ITALY S.R.L.;IT
TRIT;GC10879;S_IT01_0000042;ITEC S.R.L.;IT
TRIT;GC10884;S_IT01_0000106;SENSECA ITALY S.R.L.;IT
TRIT;GC10910;S_IT01_0000106;SENSECA ITALY S.R.L.;IT
TRIT;GC10914;S_IT01_0000106;SENSECA ITALY S.R.L.;IT
TRIT;GC10930;S_IT01_0000106;SENSECA ITALY S.R.L.;IT
TRIT;GC10932;S_IT01_0000106;SENSECA ITALY S.R.L.;IT
TRIT;GC10940;S_IT01_0000042;ITEC S.R.L.;IT
TRIT;GC10949;S_IT01_0000106;SENSECA ITALY S.R.L.;IT
TRIT;GC10967;S_IT01_0000106;SENSECA ITALY S.R.L.;IT
TRIT;GC10978;S_IT01_0000042;ITEC S.R.L.;IT
TRIT;GC10981;S_IT01_0000106;SENSECA ITALY S.R.L.;IT
TRIT;GC10990;S_IT01_0000042;ITEC S.R.L.;IT
TRIT;GC11023;S_IT01_0000042;ITEC S.R.L.;IT
TRIT;GC11044;S_IT01_0000042;ITEC S.R.L.;IT
TRIT;GC11048;S_IT01_0000042;ITEC S.R.L.;IT
TRIT;GC11061;S_IT01_0000042;ITEC S.R.L.;IT
TRIT;GC11065;S_IT01_0000042;ITEC S.R.L.;IT
TRIT;GC11066;S_IT01_0000042;ITEC S.R.L.;IT
TRIT;GC11069;S_IT01_0000106;SENSECA ITALY S.R.L.;IT
TRIT;GC11082;S_IT01_0000042;ITEC S.R.L.;IT
TRIT;GC11085;S_IT01_0000042;ITEC S.R.L.;IT
TRIT;GC11087;S_IT01_0000106;SENSECA ITALY S.R.L.;IT
TRIT;GC11125;S_IT01_0000106;SENSECA ITALY S.R.L.;IT
TRIT;GC11136;S_IT01_0000042;ITEC S.R.L.;IT
TRIT;GC11159;S_IT01_0000106;SENSECA ITALY S.R.L.;IT
TRIT;GC11164;S_IT01_0000106;SENSECA ITALY S.R.L.;IT
TRIT;GC11169;S_IT01_0000042;ITEC S.R.L.;IT
TRIT;GC11180;S_IT01_0000106;SENSECA ITALY S.R.L.;IT
TRIT;GC11184;S_IT01_0000042;ITEC S.R.L.;IT
TRIT;GC11212;S_IT01_0000042;ITEC S.R.L.;IT
TRIT;GC11219;S_IT01_0000106;SENSECA ITALY S.R.L.;IT
TRIT;GC11231;S_IT01_0000106;SENSECA ITALY S.R.L.;IT
TRIT;GC11235;S_IT01_0000106;SENSECA ITALY S.R.L.;IT
TRIT;GC11236;S_IT01_0000042;ITEC S.R.L.;IT
TRIT;GC11243;S_IT01_0000042;ITEC S.R.L.;IT
TRIT;GC11247;S_IT01_0000042;ITEC S.R.L.;IT
TRIT;GC11259;S_IT01_0000106;SENSECA ITALY S.R.L.;IT
TRIT;GC11278;S_IT01_0000042;ITEC S.R.L.;IT
TRIT;GC11279;S_IT01_0000042;ITEC S.R.L.;IT
TRIT;GC11283;S_IT01_0000106;SENSECA ITALY S.R.L.;IT
TRIT;GC11300;S_IT01_0000106;SENSECA ITALY S.R.L.;IT
TRIT;GC11303;S_IT01_0000042;ITEC S.R.L.;IT
TRIT;GC11316;S_IT01_0000042;ITEC S.R.L.;IT
TRIT;GC11332;S_IT01_0000106;SENSECA ITALY S.R.L.;IT
TRIT;GC11335;S_IT01_0000042;ITEC S.R.L.;IT
TRIT;GC11348;S_IT01_0000042;ITEC S.R.L.;IT
TRIT;GC11351;S_IT01_0000042;ITEC S.R.L.;IT
TRIT;GC11357;S_IT01_0000042;ITEC S.R.L.;IT
TRIT;GC11360;S_IT01_0000042;ITEC S.R.L.;IT
TRIT;GC11363;S_IT01_0000106;SENSECA ITALY S.R.L.;IT
TRIT;GC11366;S_IT01_0000106;SENSECA ITALY S.R.L.;IT
TRIT;GC11385;S_IT01_0000042;ITEC S.R.L.;IT
TRIT;GC11386;S_IT01_0000042;ITEC S.R.L.;IT
TRIT;GC11387;S_IT01_0000042;ITEC S.R.L.;IT
TRIT;GC11388;S_IT01_0000042;ITEC S.R.L.;IT
TRIT;GC11389;S_IT01_0000042;ITEC S.R.L.;IT
TRIT;GC11401;S_IT01_0000106;SENSECA ITALY S.R.L.;IT
TRIT;GC11420;S_IT01_0000042;ITEC S.R.L.;IT
TRIT;GC11464;S_IT01_0000106;SENSECA ITALY S.R.L.;IT
TRIT;GC11467;S_IT01_0000042;ITEC S.R.L.;IT
TRIT;GC11481;S_IT01_0000042;ITEC S.R.L.;IT
TRIT;GC11514;S_IT01_0000042;ITEC S.R.L.;IT
TRIT;GC11518;S_IT01_0000042;ITEC S.R.L.;IT
TRIT;GC11525;S_IT01_0000042;ITEC S.R.L.;IT
TRIT;GC11538;S_IT01_0000106;SENSECA ITALY S.R.L.;IT
TRIT;GC11540;S_IT01_0000106;SENSECA ITALY S.R.L.;IT
TRIT;GC11546;S_IT01_0000106;SENSECA ITALY S.R.L.;IT
TRIT;GC11548;S_IT01_0000042;ITEC S.R.L.;IT
TRIT;GC11556;S_IT01_0000042;ITEC S.R.L.;IT
TRIT;GC11557;S_IT01_0000042;ITEC S.R.L.;IT
TRIT;GC11560;S_IT01_0000106;SENSECA ITALY S.R.L.;IT
TRIT;GC11562;S_IT01_0000042;ITEC S.R.L.;IT
TRIT;GC11574;S_IT01_0000106;SENSECA ITALY S.R.L.;IT
TRIT;GC11577;S_IT01_0000106;SENSECA ITALY S.R.L.;IT
TRIT;GC11586;S_IT01_0000042;ITEC S.R.L.;IT
TRIT;GC11587;S_IT01_0000042;ITEC S.R.L.;IT
TRIT;GC11592;S_IT01_0000106;SENSECA ITALY S.R.L.;IT
TRIT;GC11594;S_IT01_0000042;ITEC S.R.L.;IT
TRIT;GC11596;S_IT01_0000042;ITEC S.R.L.;IT
TRIT;GC11608;S_IT01_0000106;SENSECA ITALY S.R.L.;IT
TRIT;GC11609;S_IT01_0000106;SENSECA ITALY S.R.L.;IT
TRIT;GC11610;S_IT01_0000106;SENSECA ITALY S.R.L.;IT
TRIT;GC11611;S_IT01_0000106;SENSECA ITALY S.R.L.;IT
TRIT;GC11613;S_IT01_0000042;ITEC S.R.L.;IT
TRIT;GC11616;S_IT01_0000106;SENSECA ITALY S.R.L.;IT
TRIT;GC11617;S_IT01_0000106;SENSECA ITALY S.R.L.;IT
TRIT;GC11618;S_IT01_0000106;SENSECA ITALY S.R.L.;IT
TRIT;GC11622;S_IT01_0000042;ITEC S.R.L.;IT
TRIT;GC11623;S_IT01_0000042;ITEC S.R.L.;IT
TRIT;GC11625;S_IT01_0000042;ITEC S.R.L.;IT
TRIT;GC11626;S_IT01_0000042;ITEC S.R.L.;IT
TRIT;GC11627;S_IT01_0000042;ITEC S.R.L.;IT
TRIT;GC11628;S_IT01_0000042;ITEC S.R.L.;IT
TRIT;GC11629;S_IT01_0000042;ITEC S.R.L.;IT
TRIT;GC11630;S_IT01_0000042;ITEC S.R.L.;IT
TRIT;GC11631;S_IT01_0000042;ITEC S.R.L.;IT
TRIT;GC11634;S_IT01_0000042;ITEC S.R.L.;IT
TRIT;GC11635;S_IT01_0000042;ITEC S.R.L.;IT
TRIT;GC11636;S_IT01_0000042;ITEC S.R.L.;IT
TRIT;GC11637;S_IT01_0000042;ITEC S.R.L.;IT
TRIT;GC11638;S_IT01_0000106;SENSECA ITALY S.R.L.;IT
TRIT;GC11639;S_IT01_0000042;ITEC S.R.L.;IT
TRIT;GC11640;S_IT01_0000106;SENSECA ITALY S.R.L.;IT
TRIT;GC11641;S_IT01_0000042;ITEC S.R.L.;IT
TRIT;GC11642;S_IT01_0000042;ITEC S.R.L.;IT
TRIT;GC11643;S_IT01_0000106;SENSECA ITALY S.R.L.;IT
TRIT;GC11645;S_IT01_0000042;ITEC S.R.L.;IT
TRIT;GC11646;S_IT01_0000042;ITEC S.R.L.;IT
TRIT;GC11647;S_IT01_0000042;ITEC S.R.L.;IT
TRIT;GC11648;S_IT01_0000106;SENSECA ITALY S.R.L.;IT
TRIT;GC11649;S_IT01_0000042;ITEC S.R.L.;IT
TRIT;GC11650;S_IT01_0000042;ITEC S.R.L.;IT
TRIT;GC11651;S_IT01_0000106;SENSECA ITALY S.R.L.;IT
TRIT;GC11652;S_IT01_0000042;ITEC S.R.L.;IT
TRIT;GC11653;S_IT01_0000042;ITEC S.R.L.;IT
TRIT;GC11654;S_IT01_0000042;ITEC S.R.L.;IT
TRIT;GC11655;S_IT01_0000106;SENSECA ITALY S.R.L.;IT
TRIT;GC11656;S_IT01_0000042;ITEC S.R.L.;IT
TRIT;GC11657;S_IT01_0000106;SENSECA ITALY S.R.L.;IT
TRIT;GC11658;S_IT01_0000106;SENSECA ITALY S.R.L.;IT
TRIT;GC11659;S_IT01_0000042;ITEC S.R.L.;IT
TRIT;GC11660;S_IT01_0000042;ITEC S.R.L.;IT
TRIT;GC11661;S_IT01_0000106;SENSECA ITALY S.R.L.;IT
TRIT;GC11662;S_IT01_0000042;ITEC S.R.L.;IT
TRIT;GC11663;S_IT01_0000042;ITEC S.R.L.;IT
TRIT;GC11664;S_IT01_0000106;SENSECA ITALY S.R.L.;IT
TRIT;GC11665;S_IT01_0000042;ITEC S.R.L.;IT
TRIT;GC11668;S_IT01_0000106;SENSECA ITALY S.R.L.;IT
TRIT;GC11669;S_IT01_0000106;SENSECA ITALY S.R.L.;IT
TRIT;GC11670;S_IT01_0000042;ITEC S.R.L.;IT
TRIT;GC11671;S_IT01_0000042;ITEC S.R.L.;IT
TRIT;GC11672;S_IT01_0000042;ITEC S.R.L.;IT
TRIT;GC11673;S_IT01_0000042;ITEC S.R.L.;IT
TRIT;GC11674;S_IT01_0000042;ITEC S.R.L.;IT
TRIT;GC11675;S_IT01_0000042;ITEC S.R.L.;IT
TRIT;GC116771;S_IT01_0000042;ITEC S.R.L.;IT
TRIT;GC11678;S_IT01_0000042;ITEC S.R.L.;IT
TRIT;GC11679;S_IT01_0000042;ITEC S.R.L.;IT
TRIT;GC11680;S_IT01_0000042;ITEC S.R.L.;IT
TRIT;GC11681;S_IT01_0000042;ITEC S.R.L.;IT
TRIT;GC11682;S_IT01_0000042;ITEC S.R.L.;IT
TRIT;GC11683;S_IT01_0000042;ITEC S.R.L.;IT
TRIT;GC11684;S_IT01_0000042;ITEC S.R.L.;IT
TRIT;GC11685;S_IT01_0000106;SENSECA ITALY S.R.L.;IT
TRIT;GC11688;S_IT01_0000042;ITEC S.R.L.;IT
TRIT;GC11689;S_IT01_0000042;ITEC S.R.L.;IT
TRIT;GC11690;S_IT01_0000106;SENSECA ITALY S.R.L.;IT
TRIT;GC11691;S_IT01_0000106;SENSECA ITALY S.R.L.;IT
TRIT;GC11692;S_IT01_0000042;ITEC S.R.L.;IT
TRIT;GC11693;S_IT01_0000042;ITEC S.R.L.;IT
TRIT;GC11694;S_IT01_0000042;ITEC S.R.L.;IT
TRIT;GC11695;S_IT01_0000042;ITEC S.R.L.;IT
TRIT;GC11696;S_IT01_0000042;ITEC S.R.L.;IT
TRIT;GC11697;S_IT01_0000042;ITEC S.R.L.;IT
TRIT;GC11698;S_IT01_0000042;ITEC S.R.L.;IT
TRIT;GC11699;S_IT01_0000042;ITEC S.R.L.;IT
TRIT;GC11700;S_IT01_0000042;ITEC S.R.L.;IT
TRIT;GC11701;S_IT01_0000042;ITEC S.R.L.;IT
TRIT;GC11702;S_IT01_0000042;ITEC S.R.L.;IT
TRIT;GC11703;S_IT01_0000106;SENSECA ITALY S.R.L.;IT
TRIT;GC11704;S_IT01_0000042;ITEC S.R.L.;IT
TRIT;GC11705;S_IT01_0000042;ITEC S.R.L.;IT
TRIT;GC11706;S_IT01_0000042;ITEC S.R.L.;IT
TRIT;GC11707;S_IT01_0000042;ITEC S.R.L.;IT
TRIT;GC11708;S_IT01_0000042;ITEC S.R.L.;IT
TRIT;GC11709;S_IT01_0000042;ITEC S.R.L.;IT
TRIT;GC11710;S_IT01_0000042;ITEC S.R.L.;IT
TRIT;GC11711;S_IT01_0000106;SENSECA ITALY S.R.L.;IT
TRIT;GC11712;S_IT01_0000042;ITEC S.R.L.;IT
TRIT;GC11714;S_IT01_0000042;ITEC S.R.L.;IT
TRIT;GC11715;S_IT01_0000042;ITEC S.R.L.;IT
TRIT;GC11716;S_IT01_0000042;ITEC S.R.L.;IT
TRIT;GC11717;S_IT01_0000042;ITEC S.R.L.;IT
TRIT;GC11718;S_IT01_0000042;ITEC S.R.L.;IT
TRIT;GC11719;S_IT01_0000042;ITEC S.R.L.;IT
TRIT;GC11720;S_IT01_0000042;ITEC S.R.L.;IT
TRIT;GC11721;S_IT01_0000106;SENSECA ITALY S.R.L.;IT
TRIT;GC11722;S_IT01_0000106;SENSECA ITALY S.R.L.;IT
TRIT;GC11723;S_IT01_0000106;SENSECA ITALY S.R.L.;IT
TRIT;GC11725;S_IT01_0000106;SENSECA ITALY S.R.L.;IT
TRIT;GC11727;S_IT01_0000106;SENSECA ITALY S.R.L.;IT
TRIT;GC11728;S_IT01_0000042;ITEC S.R.L.;IT
TRIT;GC11729;S_IT01_0000042;ITEC S.R.L.;IT
TRIT;GC11730;S_IT01_0000042;ITEC S.R.L.;IT
TRIT;GC11731;S_IT01_0000042;ITEC S.R.L.;IT
TRIT;GC11732;S_IT01_0000042;ITEC S.R.L.;IT
TRIT;GC11733;S_IT01_0000042;ITEC S.R.L.;IT
TRIT;GC11734;S_IT01_0000042;ITEC S.R.L.;IT
TRIT;GC11735;S_IT01_0000106;SENSECA ITALY S.R.L.;IT
TRIT;GC11736;S_IT01_0000042;ITEC S.R.L.;IT
TRIT;GC11737;S_IT01_0000106;SENSECA ITALY S.R.L.;IT
TRIT;GC11738;S_IT01_0000042;ITEC S.R.L.;IT
TRIT;GC11739;S_IT01_0000042;ITEC S.R.L.;IT
TRIT;GC11740;S_IT01_0000042;ITEC S.R.L.;IT
TRIT;GC11741;S_IT01_0000106;SENSECA ITALY S.R.L.;IT
TRIT;GC11742;S_IT01_0000042;ITEC S.R.L.;IT
TRIT;GC11743;S_IT01_0000106;SENSECA ITALY S.R.L.;IT
TRIT;GC11744;S_IT01_0000042;ITEC S.R.L.;IT
TRIT;GC11745;S_IT01_0000042;ITEC S.R.L.;IT
TRIT;GC11746;S_IT01_0000042;ITEC S.R.L.;IT
TRIT;GC11747;S_IT01_0000042;ITEC S.R.L.;IT
TRIT;GC11748;S_IT01_0000106;SENSECA ITALY S.R.L.;IT
TRIT;GC11749;S_IT01_0000106;SENSECA ITALY S.R.L.;IT
TRIT;GC11750;S_IT01_0000042;ITEC S.R.L.;IT
TRIT;GC11751;S_IT01_0000042;ITEC S.R.L.;IT
TRIT;GC11752;S_IT01_0000042;ITEC S.R.L.;IT
TRIT;GC11753;S_IT01_0000106;SENSECA ITALY S.R.L.;IT
TRIT;GC11754;S_IT01_0000106;SENSECA ITALY S.R.L.;IT
TRIT;GC11755;S_IT01_0000106;SENSECA ITALY S.R.L.;IT
TRIT;GC11756;S_IT01_0000042;ITEC S.R.L.;IT
TRIT;GC11757;S_IT01_0000042;ITEC S.R.L.;IT
TRIT;GC11758;S_IT01_0000042;ITEC S.R.L.;IT
TRIT;GC11759;S_IT01_0000106;SENSECA ITALY S.R.L.;IT
TRIT;GC11761;S_IT01_0000042;ITEC S.R.L.;IT
TRIT;GC11762;S_IT01_0000042;ITEC S.R.L.;IT
TRIT;GC11763;S_IT01_0000042;ITEC S.R.L.;IT
TRIT;GC11764;S_IT01_0000042;ITEC S.R.L.;IT
TRIT;GC11765;S_IT01_0000106;SENSECA ITALY S.R.L.;IT
TRIT;GC11766;S_IT01_0000042;ITEC S.R.L.;IT
TRIT;GC11768;S_IT01_0000042;ITEC S.R.L.;IT
TRIT;GC11769;S_IT01_0000042;ITEC S.R.L.;IT
TRIT;GC11770;S_IT01_0000042;ITEC S.R.L.;IT
TRIT;GC11771;S_IT01_0000106;SENSECA ITALY S.R.L.;IT
TRIT;GC11772;S_IT01_0000042;ITEC S.R.L.;IT
TRIT;GC11773;S_IT01_0000106;SENSECA ITALY S.R.L.;IT
TRIT;GC11774;S_IT01_0000106;SENSECA ITALY S.R.L.;IT
TRIT;GC11775;S_IT01_0000106;SENSECA ITALY S.R.L.;IT
TRIT;GC11779;S_IT01_0000042;ITEC S.R.L.;IT
TRIT;GC11780;S_IT01_0000106;SENSECA ITALY S.R.L.;IT
TRIT;GC11781;S_IT01_0000042;ITEC S.R.L.;IT
TRIT;GC11782;S_IT01_0000042;ITEC S.R.L.;IT
TRIT;GC11783;S_IT01_0000042;ITEC S.R.L.;IT
TRIT;GC11784;S_IT01_0000106;SENSECA ITALY S.R.L.;IT
TRIT;GC11785;S_IT01_0000106;SENSECA ITALY S.R.L.;IT
TRIT;GC11786;S_IT01_0000042;ITEC S.R.L.;IT
TRIT;GC11787;S_IT01_0000042;ITEC S.R.L.;IT
TRIT;GC11788;S_IT01_0000106;SENSECA ITALY S.R.L.;IT
TRIT;GC11789;S_IT01_0000106;SENSECA ITALY S.R.L.;IT
TRIT;GC11790;S_IT01_0000042;ITEC S.R.L.;IT
TRIT;GC11791;S_IT01_0000042;ITEC S.R.L.;IT
TRIT;GC11792;S_IT01_0000106;SENSECA ITALY S.R.L.;IT
TRIT;GC11793;S_IT01_0000106;SENSECA ITALY S.R.L.;IT
TRIT;GC11795;S_IT01_0000042;ITEC S.R.L.;IT
TRIT;GC11796;S_IT01_0000106;SENSECA ITALY S.R.L.;IT
TRIT;GC11797;S_IT01_0000106;SENSECA ITALY S.R.L.;IT
TRIT;GC11798;S_IT01_0000106;SENSECA ITALY S.R.L.;IT
TRIT;GC11799;S_IT01_0000106;SENSECA ITALY S.R.L.;IT
TRIT;GC11800;S_IT01_0000042;ITEC S.R.L.;IT
TRIT;GC11801;S_IT01_0000042;ITEC S.R.L.;IT
TRIT;GC11803;S_IT01_0000042;ITEC S.R.L.;IT
TRIT;GC11804;S_IT01_0000042;ITEC S.R.L.;IT
TRIT;GC11805;S_IT01_0000042;ITEC S.R.L.;IT
TRIT;GC11806;S_IT01_0000042;ITEC S.R.L.;IT
TRIT;GC11807;S_IT01_0000042;ITEC S.R.L.;IT
TRIT;GC11808;S_IT01_0000042;ITEC S.R.L.;IT
TRIT;GC11809;S_IT01_0000042;ITEC S.R.L.;IT
TRIT;GC11810;S_IT01_0000042;ITEC S.R.L.;IT
TRIT;GC11811;S_IT01_0000042;ITEC S.R.L.;IT
TRIT;GC11812;S_IT01_0000042;ITEC S.R.L.;IT
TRIT;GC11813;S_IT01_0000042;ITEC S.R.L.;IT
TRIT;GC11814;S_IT01_0000042;ITEC S.R.L.;IT
TRIT;GC11815;S_IT01_0000042;ITEC S.R.L.;IT
TRIT;GC11816;S_IT01_0000042;ITEC S.R.L.;IT
TRIT;GC11817;S_IT01_0000042;ITEC S.R.L.;IT
TRIT;GC11818;S_IT01_0000106;SENSECA ITALY S.R.L.;IT
TRIT;GC11819;S_IT01_0000042;ITEC S.R.L.;IT
TRIT;GC11820;S_IT01_0000106;SENSECA ITALY S.R.L.;IT
TRIT;GC11822;S_IT01_0000106;SENSECA ITALY S.R.L.;IT
TRIT;GC11823;S_IT01_0000042;ITEC S.R.L.;IT
TRIT;GC11824;S_IT01_0000106;SENSECA ITALY S.R.L.;IT
TRIT;GC11825;S_IT01_0000042;ITEC S.R.L.;IT
TRIT;GC11826;S_IT01_0000042;ITEC S.R.L.;IT
TRIT;GC11827;S_IT01_0000042;ITEC S.R.L.;IT
TRIT;GC11828;S_IT01_0000042;ITEC S.R.L.;IT
TRIT;GC11829;S_IT01_0000042;ITEC S.R.L.;IT
TRIT;GC11830;S_IT01_0000042;ITEC S.R.L.;IT
TRIT;GC11831;S_IT01_0000042;ITEC S.R.L.;IT
TRIT;GC11834;S_IT01_0000042;ITEC S.R.L.;IT
TRIT;GC11835;S_IT01_0000042;ITEC S.R.L.;IT
TRIT;GC11836;S_IT01_0000042;ITEC S.R.L.;IT
TRIT;GC11837;S_IT01_0000042;ITEC S.R.L.;IT
TRIT;GC11838;S_IT01_0000106;SENSECA ITALY S.R.L.;IT
TRIT;GC11839;S_IT01_0000106;SENSECA ITALY S.R.L.;IT
TRIT;GC11840;S_IT01_0000042;ITEC S.R.L.;IT
TRIT;GC11841;S_IT01_0000106;SENSECA ITALY S.R.L.;IT
TRIT;GC11842;S_IT01_0000042;ITEC S.R.L.;IT
TRIT;GC11843;S_IT01_0000106;SENSECA ITALY S.R.L.;IT
TRIT;GC11845;S_IT01_0000042;ITEC S.R.L.;IT
TRIT;GC11846;S_IT01_0000042;ITEC S.R.L.;IT
TRIT;GC11847;S_IT01_0000042;ITEC S.R.L.;IT
TRIT;GC11848;S_IT01_0000042;ITEC S.R.L.;IT
TRIT;GC11849;S_IT01_0000106;SENSECA ITALY S.R.L.;IT
TRIT;GC11850;S_IT01_0000106;SENSECA ITALY S.R.L.;IT
TRIT;GC11851;S_IT01_0000106;SENSECA ITALY S.R.L.;IT
TRIT;GC11852;S_IT01_0000042;ITEC S.R.L.;IT
TRIT;GC11853;S_IT01_0000106;SENSECA ITALY S.R.L.;IT
TRIT;GC11854;S_IT01_0000042;ITEC S.R.L.;IT
TRIT;GC11855;S_IT01_0000042;ITEC S.R.L.;IT
TRIT;GC11856;S_IT01_0000042;ITEC S.R.L.;IT
TRIT;GC11857;S_IT01_0000042;ITEC S.R.L.;IT
TRIT;GC11858;S_IT01_0000042;ITEC S.R.L.;IT
TRIT;GC11859;S_IT01_0000042;ITEC S.R.L.;IT
TRIT;GC11860;S_IT01_0000042;ITEC S.R.L.;IT
TRIT;GC11861;S_IT01_0000106;SENSECA ITALY S.R.L.;IT
TRIT;GC11863;S_IT01_0000042;ITEC S.R.L.;IT
TRIT;GC11864;S_IT01_0000106;SENSECA ITALY S.R.L.;IT
TRIT;GC11865;S_IT01_0000042;ITEC S.R.L.;IT
TRIT;GC11866;S_IT01_0000042;ITEC S.R.L.;IT
TRIT;GC11868;S_IT01_0000042;ITEC S.R.L.;IT
TRIT;GC11869;S_IT01_0000042;ITEC S.R.L.;IT
TRIT;GC11870;S_IT01_0000042;ITEC S.R.L.;IT
TRIT;GC11871;S_IT01_0000042;ITEC S.R.L.;IT
TRIT;GC11872;S_IT01_0000042;ITEC S.R.L.;IT
TRIT;GC11873;S_IT01_0000042;ITEC S.R.L.;IT
TRIT;GC11875;S_IT01_0000042;ITEC S.R.L.;IT
TRIT;GC11877;S_IT01_0000042;ITEC S.R.L.;IT
TRIT;GC11878;S_IT01_0000042;ITEC S.R.L.;IT
TRIT;GC11879;S_IT01_0000042;ITEC S.R.L.;IT
TRIT;GC11880;S_IT01_0000106;SENSECA ITALY S.R.L.;IT
TRIT;GC11881;S_IT01_0000042;ITEC S.R.L.;IT
TRIT;GC11882;S_IT01_0000106;SENSECA ITALY S.R.L.;IT
TRIT;GC11883;S_IT01_0000042;ITEC S.R.L.;IT
TRIT;GC11884;S_IT01_0000042;ITEC S.R.L.;IT
TRIT;GC11885;S_IT01_0000042;ITEC S.R.L.;IT
TRIT;GC11886;S_IT01_0000106;SENSECA ITALY S.R.L.;IT
TRIT;GC11888;S_IT01_0000042;ITEC S.R.L.;IT
TRIT;GC11889;S_IT01_0000106;SENSECA ITALY S.R.L.;IT
TRIT;GC11891;S_IT01_0000042;ITEC S.R.L.;IT
TRIT;GC11892;S_IT01_0000042;ITEC S.R.L.;IT
TRIT;GC11893;S_IT01_0000042;ITEC S.R.L.;IT
TRIT;GC11894;S_IT01_0000042;ITEC S.R.L.;IT
TRIT;GC11895;S_IT01_0000042;ITEC S.R.L.;IT
TRIT;GC11896;S_IT01_0000042;ITEC S.R.L.;IT
TRIT;GC11897;S_IT01_0000042;ITEC S.R.L.;IT
TRIT;GC11899;S_IT01_0000042;ITEC S.R.L.;IT
TRIT;GC11900;S_IT01_0000106;SENSECA ITALY S.R.L.;IT
TRIT;GC11901;S_IT01_0000106;SENSECA ITALY S.R.L.;IT
TRIT;I33413;S_CH01_0065180;Trafag AG;CH
TRIT;I35556;S_CH01_0065180;Trafag AG;CH
TRIT;I35569;S_CH01_0065180;Trafag AG;CH
TRIT;I35570;S_CH01_0065180;Trafag AG;CH
TRIT;I35808;S_CH01_0065180;Trafag AG;CH
TRIT;I35813;S_CH01_0065180;Trafag AG;CH
TRIT;I35818;S_CH01_0065180;Trafag AG;CH
TRIT;I53779;S_CH01_0065180;Trafag AG;CH
TRIT;I62618;S_CH01_0065180;Trafag AG;CH
TRIT;I62631;S_CH01_0065180;Trafag AG;CH
TRIT;I62635;S_CH01_0065180;Trafag AG;CH
TRIT;I62934;S_CH01_0065180;Trafag AG;CH
TRIT;I63440;S_CH01_0065180;Trafag AG;CH
TRIT;K70814;S_CH01_0065180;Trafag AG;CH
TRIT;M_IT01_000301;S_CH01_0070540;Trafag Italia S.r.l.;IT
TRIT;M_IT01_000304;S_CH01_0070540;Trafag Italia S.r.l.;IT
TRIT;M_IT01_000305;S_CH01_0070540;Trafag Italia S.r.l.;IT
TRIT;M_IT01_000325;S_CH01_0070540;Trafag Italia S.r.l.;IT
TRIT;M_IT01_000434;S_CH01_0070540;Trafag Italia S.r.l.;IT
TRIT;M_IT01_000436;S_CH01_0070540;Trafag Italia S.r.l.;IT
TRIT;M_IT01_000520;S_CH01_0070540;Trafag Italia S.r.l.;IT
TRIT;M_IT01_000522;S_CH01_0070540;Trafag Italia S.r.l.;IT
TRIT;M_IT01_000623;S_CH01_0070540;Trafag Italia S.r.l.;IT
TRIT;M_IT01_000697;S_CH01_0070540;Trafag Italia S.r.l.;IT
TRIT;M_IT01_000759;S_CH01_0070540;Trafag Italia S.r.l.;IT
TRIT;M_IT01_000761;S_CH01_0070540;Trafag Italia S.r.l.;IT
TRIT;M_IT01_000774;S_CH01_0070540;Trafag Italia S.r.l.;IT
TRIT;M_IT01_000804;S_CH01_0070540;Trafag Italia S.r.l.;IT
TRIT;M_IT01_000805;S_CH01_0070540;Trafag Italia S.r.l.;IT
TRIT;M_IT01_000826;S_CH01_0070540;Trafag Italia S.r.l.;IT
TRIT;M_IT01_000882;S_CH01_0070540;Trafag Italia S.r.l.;IT
TRIT;M_IT01_000895;S_CH01_0070540;Trafag Italia S.r.l.;IT
TRIT;M_IT01_000961;S_CH01_0070540;Trafag Italia S.r.l.;IT
TRIT;M_IT01_000971;S_CH01_0070540;Trafag Italia S.r.l.;IT
TRIT;M_IT01_001020;S_CH01_0070540;Trafag Italia S.r.l.;IT
TRIT;M_IT01_001024;S_CH01_0070540;Trafag Italia S.r.l.;IT
TRIT;M_IT01_001055;S_CH01_0070540;Trafag Italia S.r.l.;IT
TRIT;M_IT01_001215;S_CH01_0070540;Trafag Italia S.r.l.;IT
TRIT;M_IT01_001243;S_CH01_0070540;Trafag Italia S.r.l.;IT
TRIT;M_IT01_001244;S_CH01_0070540;Trafag Italia S.r.l.;IT
TRIT;M_IT01_001257;S_CH01_0070540;Trafag Italia S.r.l.;IT
TRIT;M_IT01_001343;S_CH01_0070540;Trafag Italia S.r.l.;IT
TRIT;M_IT01_001449;S_CH01_0070540;Trafag Italia S.r.l.;IT
TRIT;M_IT01_001450;S_CH01_0070540;Trafag Italia S.r.l.;IT
TRIT;M_IT01_001461;S_CH01_0070540;Trafag Italia S.r.l.;IT
TRIT;M_IT01_001491;S_CH01_0070540;Trafag Italia S.r.l.;IT
TRIT;M_IT01_001570;S_CH01_0070540;Trafag Italia S.r.l.;IT
TRIT;M_IT01_001580;S_CH01_0070540;Trafag Italia S.r.l.;IT
TRIT;M_IT01_001662;S_IT01_0000209;OFFICINE MECCANICHE M.A.M. S.R.L.;IT
TRIT;M_IT01_001692;S_CH01_0070540;Trafag Italia S.r.l.;IT
TRIT;M_IT01_001732;S_CH01_0070540;Trafag Italia S.r.l.;IT
TRIT;M_IT01_001964;S_CH01_0070540;Trafag Italia S.r.l.;IT
TRIT;M_IT01_002116;S_CH01_0070540;Trafag Italia S.r.l.;IT
TRIT;M_IT01_002122;S_CH01_0070540;Trafag Italia S.r.l.;IT
TRIT;M_IT01_002266;S_CH01_0070540;Trafag Italia S.r.l.;IT
TRIT;M_IT01_002303;S_CH01_0070540;Trafag Italia S.r.l.;IT
TRIT;M_IT01_002368;S_IT01_0000072;ELETTA FLOW AB;SE
TRIT;M_IT01_002936;S_CH01_0070540;Trafag Italia S.r.l.;IT
TRIT;M_IT01_003084;S_CH01_0070540;Trafag Italia S.r.l.;IT
TRIT;M_IT01_003220;S_CH01_0070540;Trafag Italia S.r.l.;IT
TRIT;M_IT01_003315;S_CH01_0070540;Trafag Italia S.r.l.;IT
TRIT;M_IT01_003930;S_CH01_0070540;Trafag Italia S.r.l.;IT
TRIT;M_IT01_004087;S_CH01_0070540;Trafag Italia S.r.l.;IT
TRIT;M_IT01_004088;S_CH01_0070540;Trafag Italia S.r.l.;IT
TRIT;M_IT01_004869;S_CH01_0070540;Trafag Italia S.r.l.;IT
TRIT;M_IT01_004909;S_CH01_0070540;Trafag Italia S.r.l.;IT
TRIT;M_IT01_004910;S_CH01_0070540;Trafag Italia S.r.l.;IT
TRIT;M_IT01_004911;S_CH01_0070540;Trafag Italia S.r.l.;IT
TRIT;M_IT01_004912;S_CH01_0070540;Trafag Italia S.r.l.;IT
TRIT;M_IT01_004913;S_CH01_0070540;Trafag Italia S.r.l.;IT
TRIT;M_IT01_004914;S_CH01_0070540;Trafag Italia S.r.l.;IT
TRIT;M_IT01_004915;S_CH01_0070540;Trafag Italia S.r.l.;IT
TRIT;M_IT01_004916;S_CH01_0070540;Trafag Italia S.r.l.;IT
TRIT;M_IT01_004917;S_CH01_0070540;Trafag Italia S.r.l.;IT
TRIT;M_IT01_005232;S_IT01_0000072;ELETTA FLOW AB;SE
TRIT;M_IT01_005273;S_CH01_0070540;Trafag Italia S.r.l.;IT
TRIT;M_IT01_005279;S_CH01_0070540;Trafag Italia S.r.l.;IT
TRIT;M_IT01_005280;S_CH01_0070540;Trafag Italia S.r.l.;IT
TRIT;M_IT01_005290;S_CH01_0070540;Trafag Italia S.r.l.;IT
TRIT;M_IT01_005469;S_CH01_0070540;Trafag Italia S.r.l.;IT
TRIT;M_IT01_005477;S_CH01_0070540;Trafag Italia S.r.l.;IT
TRIT;M_IT01_005484;S_CH01_0070540;Trafag Italia S.r.l.;IT
TRIT;M_IT01_005486;S_CH01_0070540;Trafag Italia S.r.l.;IT
TRIT;M_IT01_005488;S_CH01_0070540;Trafag Italia S.r.l.;IT
TRIT;M_IT01_005489;S_CH01_0070540;Trafag Italia S.r.l.;IT
TRIT;M_IT01_005784;S_CH01_0070540;Trafag Italia S.r.l.;IT
TRIT;M_IT01_005871;S_CH01_0070540;Trafag Italia S.r.l.;IT
TRIT;M_IT01_006117;S_CH01_0070540;Trafag Italia S.r.l.;IT
TRIT;M_IT01_006120;S_CH01_0070540;Trafag Italia S.r.l.;IT
TRIT;M_IT01_006161;S_CH01_0070540;Trafag Italia S.r.l.;IT
TRIT;M_IT01_006162;S_CH01_0070540;Trafag Italia S.r.l.;IT
TRIT;M_IT01_006202;S_CH01_0070540;Trafag Italia S.r.l.;IT
TRIT;M_IT01_006203;S_CH01_0070540;Trafag Italia S.r.l.;IT
TRIT;M_IT01_006204;S_CH01_0070540;Trafag Italia S.r.l.;IT
TRIT;M_IT01_006205;S_CH01_0070540;Trafag Italia S.r.l.;IT
TRIT;M_IT01_006206;S_CH01_0070540;Trafag Italia S.r.l.;IT
TRIT;M_IT01_006208;S_CH01_0070540;Trafag Italia S.r.l.;IT
TRIT;M_IT01_006209;S_CH01_0070540;Trafag Italia S.r.l.;IT
TRIT;M_IT01_006416;S_CH01_0070540;Trafag Italia S.r.l.;IT
TRIT;M_IT01_006417;S_CH01_0070540;Trafag Italia S.r.l.;IT
TRIT;M_IT01_006455;S_CH01_0070540;Trafag Italia S.r.l.;IT
TRIT;M_IT01_006578;S_CH01_0070540;Trafag Italia S.r.l.;IT
TRIT;M_IT01_006650;S_CH01_0070540;Trafag Italia S.r.l.;IT
TRIT;M_IT01_006651;S_IT01_0000096;CONTROLMATICA S.R.L.;IT
TRIT;M_IT01_006698;S_CH01_0070540;Trafag Italia S.r.l.;IT
TRIT;M_IT01_006699;S_CH01_0070540;Trafag Italia S.r.l.;IT
TRIT;M_IT01_006708;S_CH01_0070540;Trafag Italia S.r.l.;IT
TRIT;M_IT01_006972;S_CH01_0070540;Trafag Italia S.r.l.;IT
TRIT;M_IT01_007198;S_CH01_0070540;Trafag Italia S.r.l.;IT
TRIT;M_IT01_007336;S_CH01_0070540;Trafag Italia S.r.l.;IT
TRIT;M_IT01_007399;S_CH01_0070540;Trafag Italia S.r.l.;IT
TRIT;M_IT01_007431;S_CH01_0070540;Trafag Italia S.r.l.;IT
TRIT;M_IT01_007566;S_CH01_0070540;Trafag Italia S.r.l.;IT
TRIT;M_IT01_007572;S_CH01_0070540;Trafag Italia S.r.l.;IT
TRIT;M_IT01_007654;S_CH01_0070540;Trafag Italia S.r.l.;IT
TRIT;M_IT01_007689;S_CH01_0070540;Trafag Italia S.r.l.;IT
TRIT;M_IT01_007782;S_CH01_0070540;Trafag Italia S.r.l.;IT
TRIT;M_IT01_007783;S_CH01_0070540;Trafag Italia S.r.l.;IT
TRIT;M_IT01_007784;S_CH01_0070540;Trafag Italia S.r.l.;IT
TRIT;M_IT01_007889;S_CH01_0070540;Trafag Italia S.r.l.;IT
TRIT;M_IT01_007896;S_IT01_0000209;OFFICINE MECCANICHE M.A.M. S.R.L.;IT
TRIT;M_IT01_007947;S_CH01_0070540;Trafag Italia S.r.l.;IT
TRIT;RC27030;S_CH01_0065180;Trafag AG;CH
TRIT;RC28616;S_CH01_0065180;Trafag AG;CH
