Bereich	Punkt	Stand	Wartet auf	Seit
Finance	Kostenschnitt nach der ersten internen Stufe	Bereit		2026-09-09
Finance	DB4 für Railway	Wartet	Definition Andreas / Rohail	2026-09-29
Finance	Fachentscheide Marge, Umsatzbegriff, Sollwerte (ein Termin)	Wartet	Andreas	2026-09-29
Finance	Journal CH/AT aus SAP	Läuft	Ladelauf auslösen (Ingo)	2026-10-01
Finance	Daten Deutschland seit 24.09. lückenhaft	Wartet	IT Deutschland	2026-09-29
Verkauf	Reiter Verkauf: Kunden, Rückgang, Konzentration, Cross-Selling, Preise, Prognose, Weltkarte	Bereit	Sichtprüfung Ingo	2026-10-02
HR	Kader 8,1 h, übrige 8,0 h je Arbeitstag	Bereit		2026-10-01
HR	Abwesenheiten mit Von/Bis, nur genehmigte, Krankenquote je Zeitraum	Bereit		2026-10-01
HR	Absenz-Ampel: bis 4,99 % gelb, ab 5 % rot	Bereit		2026-10-01
HR	SAP-Daten täglich automatisch	Bereit		2026-10-01
HR	Rexx-Berichte täglich automatisch	Wartet	Upgreat	2026-09-30
HR	Krankheitsarten bestätigen	Wartet	Sonja	2026-10-01
Einkauf	Seite nach dem Auffrischen sofort da	Bereit		2026-10-01
Einkauf	Lagerwert-Verlauf je Woche	Bereit		2026-09-28
Einkauf	Texte Produktgruppen D1/D5	Bereit		2026-10-01
Einkauf	Logistik live: Kommissionierung, Produktion, 3D-Lager, Produktivität, Kapazität	Bereit, Ausbau 05.10. produktiv	Passwort für Namen (Ingo)	2026-10-05
Einkauf	Stückliste: Verwendung & Risiko über mehrere Stufen	Bereit		2026-10-01
Einkauf	Zwei kleine Entscheide (Beschriftung, SAP-Schlüssel)	Offen	Ingo	2026-09-29
SAP	ZZPRDAT Produktionsdatum: gemeinsamer Test	Läuft	Test 12.10. (Lucas, Marco, Adil)	2026-10-01
SAP	ZLO03 Mengen und Materialien: Test und Transport	Offen	Ingo	2026-08-14
SAP	ZC12 Nullmengen: Fehlersuche einschalten	Offen	Ingo	2026-09-07
SAP	ZRL2 Mengenrabatt Trafag AT	Bereit		2026-09-30
Railway	Umsatz-Gesamtsicht aller Standorte	Bereit		2026-09-29
Railway	Top-15-Kunden und Schweiz bestätigen	Wartet	Andreas / Patrik	2026-09-29
Plattform	Webapp schneller	Bereit		2026-09-28
Plattform	Netzwerk-Reiter: Netzkarte, Verfügbarkeit, Netz oder Daten, Sicherheit	Bereit		2026-10-02
Plattform	AD-Computerkonten im Netzwerk-Reiter einschalten	Erledigt		2026-10-02 07:34
Plattform	Server im Dauerbetrieb	Wartet	IT	2026-09-28
Projekte	Smartsheet-Ablösung, Power-BI-Verantwortliche, Data Lake	Offen	noch nicht gestartet	2026-09-29
Logistik	ABAP-Transport Prüfbefund Logistik live (Warenausgangszeit, Kapazität)	Wartet	SE11-Prüfung KBED, T76-Transport	2026-10-05
Einkauf	Einkauf über offenen Bestellwert nach Elikz-Fix informieren	Wartet	Ingo	2026-10-06
Finance	TR IT verkauft Indien-Ware ohne Konzernkosten TR IN (Sachnummer fehlt, ISS-007.4)	Wartet	Prüfung B1-Artikelstamm TR IT	2026-10-07
Finance	Kostenwährung zum Budget- oder Tageskurs	Wartet	Andreas	2026-10-07
Logistik	ZM_OFFENE_FAUF mit Bedarfsverursacher (T76K912714 am 09.10. in P76)	Läuft	Fabio: Layout in P76 prüfen, Fall BANF Werk 1200	2026-10-09
Plattform	Operations (Shopfloor): SAP-Abgleich läuft seit 09.10.; Abteilungen für 1'912 Aufträge klären, Freigabe Leitung Produktion	Wartet	Leitung Produktion	2026-10-09
Plattform	Trafag Reddit: Forum mit Abstimmung, für alle sichtbar	Läuft	Ingo: Ankündigung entscheiden	2026-10-09
Plattform	Trafag Projekte: Board, Backlog/Sprints, Zeitachse, Kalender, Diagramme	Läuft	Ingo: erstes echtes Projekt anlegen	2026-10-09
