ID	Vorhaben	HERMES-Stufe	Auftraggeber	Anwendervertreter	Freigabe	Abnahme	Abschluss	Ampel	Stand in einem Satz	Nächster Entscheid	Erledigt, wenn
PM-01	ZLO03: Auswertung auslaufender Materialien korrigieren	Vorhaben	festlegen	festlegen (Vorschlag: Ann-Katrin Michel)	offen	offen	offen	Gelb	Die Korrektur ist fertig; Test und Übernahme ins Produktivsystem stehen seit dem 14.08.2026 aus.	Anwendervertreter und Abnahmekriterien nachträglich festlegen, dann testen und abnehmen.	Mengen und Materialliste stimmen im Produktivsystem mit einer vereinbarten Stichprobe überein.
PM-02	ZC12: Fehler bei Nullmengen	Kleinauftrag	festlegen	festlegen	-	-	-	Rot	Die Ursache ist eingegrenzt und eine korrigierte Fassung vorbereitet, aber noch nicht im System.	Korrigierte Fassung einspielen und den Fall nachtesten.	Nullmengen werden korrekt angezeigt.
PM-03	ZZPRDAT: Produktionsdatum am Fertigungsauftrag	Vorhaben	festlegen	Vorschlag: Lucas Castro, Florian Waechter	offen	offen	offen	Gelb	Die Lösung ist gebaut und im Testsystem vollständig geprüft; die Abnahmeanfrage ist vorbereitet, aber noch nicht versendet.	Abnahmeanfrage versenden.	Die Abnahme liegt schriftlich vor, Etikett und Typenschild sind geprüft.
PM-04	Einkaufs-Dashboard mit Drilldown und Lagerwert	Projekt	festlegen	Vorschlag: Einkauf (Marco, Armin)	offen	offen	offen	Grün	Produktiv; zwei Nacharbeiten im SAP und drei Beschriftungen sind offen.	Nacharbeiten im SAP anstossen.	Der Einkauf nutzt das Dashboard ohne Rückfragen, der Lagerwert ist gegen SAP abgestimmt.
PM-05	Finance: Gruppenreporting Umsatz und Marge	Projekt	Vorschlag: Andreas Stoller	Vorschlag: Andreas Stoller	offen	offen	offen	Gelb	Produktiv; mehrere Fachentscheide zu Marge, Umsatzbegriff und Kostenregeln sind offen.	Offene Fachentscheide mit Andreas Stoller abschliessen.	Andreas Stoller gibt Gruppenmarge und Umsatzdefinition schriftlich frei.
PM-06	PPWR: Stoffcompliance über SAP-Klassifizierung	Vorhaben	festlegen	Vorschlag: Adil	offen	20.08.2026	offen	Grün	Pilotmaterialien sind zugeordnet und laut Ingo abgenommen; die Übernahme ins Produktivsystem folgt nach Plan.	Übergabe in den Betrieb dokumentieren.	Die Klassifizierung ist produktiv und dokumentiert übergeben.
PM-07	HR: automatische Auswertung der Personaldaten	Vorhaben	festlegen	Vorschlag: Sonja Richter	offen	offen	offen	Gelb	Die fachlichen Wünsche sind umgesetzt; es fehlt die Exportschnittstelle der externen Firma.	Termin der externen Firma einfordern.	Die monatliche Auswertung läuft ohne Handarbeit.
PM-08	Bahnmarkt: Railway-Auswertung für Deutschland und die Standorte	Vorhaben	Vorschlag: Rohail Munir	Vorschlag: Patrik	offen	offen	offen	Rot	Der Termin vom 08.09.2026 ist überschritten; Deutschland ist gelöst, die übrigen Standorte sind offen.	Neues Zieldatum mit Rohail Munir vereinbaren.	Rohail Munir hat eine geprüfte Auswertung mit bestätigten Kundenzuordnungen.
PM-09	Plattform: Tempo der Webapp und stabiler Nachtlauf	Vorhaben	festlegen	festlegen	offen	offen	offen	Grün	Weitgehend erledigt und produktiv; die Server-Einstellung durch die IT fehlt noch.	IT stellt den Dauerbetrieb des Servers ein.	Seiten laden in wenigen Sekunden, der Nachtlauf läuft täglich.
