Nr	Dringlichkeit	Bereich	ID	Thema	Wer	Prio	Status	Fällig	Nächster Schritt	Erledigt am
1	Erledigt	Finance ES	ISS-004.2	Spanien Buchungsdatum	Ingo	Mittel	Erledigt		Entscheid 02.09.2026: Die 7-Tage-Version bleibt im Einsatz; Finance verwendet fuer Spanien InvoiceDate. Kein Wechsel auf die 35-Tage-Version und keine weitere Aktion bei Santi erforderlich.	02.09.2026
2	Nur terminieren	Finance ES	ISS-004.1	Spanien Januar bis Mai 2026	Ingo	Mittel	Erledigt		Nachtrag und Import am 18.08.2026 bestätigt; keine Aktion
3	Heute	SAP ZC12	PM-02	ZC12 Fehler bei Nullmengen	Ingo	Mittel	Läuft		Vorfrage am 04.09.2026 beantwortet: ZC12 ist eine Reporttransaktion auf ZM_ABGLEICH_KTSCH; der Quelltext nennt sich selbst falsch Z_ABGLEICH_KTSCH. Version 3 vom 18.05.2026 ist der komplette Neuaufbau, laut eigener Kopfhistorie vom 28.-30.04.2026 durch I.Kohler; fmt_quan gehört dazu, also Testlücke statt Regression. Die Trace-Infrastruktur samt auskommentiertem p_debug hat KOI am 27.05.2026 eingebaut. Entscheid vom 07.09.2026: scharf schalten. Die geänderte Fassung liegt als saptasks/zc12/ZM_ABGLEICH_KTSCH_nachher.abap, ist aber NOCH NICHT im System - das Zurückschreiben hat der Berechtigungsfilter abgelehnt und muss von Hand abgesetzt werden. Danach den Nullmengenfall tracen; das Trace-Log landet auf dem Applikationsserver unter /tmp, nicht auf dem Arbeitsplatz.	
4	Hoch, haengt an anderen	Finance FR	ISS-001.2	Datenzufluss TR FR	Frankreich / Ingo	Hoch	Wartet auf andere		Eskalieren, seit 30.07.2026 keine Faktura mehr (18 Tage)
5	Hoch, haengt an anderen	Finance CH/AT	ISS-003.4	Herstellerregel CH/AT	Andreas	Hoch	Wartet auf Entscheid		Produktiven Schalter in Settings vergleichen; Andreas entscheidet, ob Fremdbezug die Herstellerregel als Ausnahme bricht (Default bleibt bisherige Regel)
6	Hoch, haengt an anderen	Finance Gruppenmarge	ISS-009	Fachfreigabe Gruppenmarge	Andreas	Mittel	Offen		Termin mit Andreas, Punkt 2 von 3
7	Hoch, haengt an anderen	Finance Abgrenzung	ISS-010	Innenumsatz / Doppelzählung	Andreas	Mittel	Offen		Termin mit Andreas, Punkt 3 von 3
8	Hoch, haengt an anderen	Finance CH/AT	ISS-003.5	Supplier-Fallback je Land	Andreas	Niedrig	Erledigt		Entschieden am 27.08.2026: steht kein Lieferant, gelten die lokalen Standardkosten der verkaufenden Gesellschaft; keine Aufteilung je Land
9	Heute	SAP ZLO03	PM-01	ZLO03 Mengen und Materialien	Ingo	Hoch	Offen		Diagnoselauf p_diag und Regressionstest, danach Transport nach B76
10	Heute	SAP ZLO03	PM-01	ZLO03 Kommunikationspflicht	Ingo	Hoch	Offen		Ann-Katrin Michel vorwarnen: Spalte Exklusiv liefert künftig auch "?"
11	Heute	SAP ZZPRDAT	PM-03	ZZPRDAT Umsetzung	Ingo	Hoch	Erledigt		Loesung in T76 gebaut, im Paket ZPP1 und im Transportauftrag T76K912490. Am 07.09.2026 kam eine Korrektur dazu: BEFORE_UPDATE lief bei jedem Sichern und hätte Altaufträge ungewollt nachgefüllt; jetzt wird AFKO-FTRMI vorher geprüft. Danach alle sieben Wege plus Altauftragsfall und Write-once erneut gemessen, Aufträge 1241824 bis 1241830, Werte direkt aus AUFK.	07.09.2026
12	Heute	SAP ZZPRDAT	PM-03	ZZPRDAT Abnahme einholen	Ingo	Hoch	Läuft		Anschreiben liegt als Outlook-Entwurf mit Betreff und angehängtem Lösungsdokument; vor dem Versand die Empfängeradressen eintragen und den Text aus docs/ZZPRDAT_Mail_Abnahme_2026-09-04.html hineinkopieren. Das Dokument hat seit 07.09.2026 die Kapitel 'So testen Sie es selbst' und 'Nachmessung vom 7. September'. Marco prüft Etikett und Typenschild und dabei neu auch den Zeitpunkt: der Verbuchungsbaustein läuft als V2 nach der Standardverbuchung, ein unmittelbarer Druck könnte das Feld noch leer sehen. Nicht behoben ist ausserdem, dass Z_ZZPRDAT_CHECK jeden abweichenden Wert als 'Write-once nachgewiesen' meldet.	
13	Umsetzung	Finance DE/ES	ISS-003.3	DE/ES ohne Lieferantenfelder	Ingo	Mittel	Offen		Zuerst eigene Export-SQL prüfen, erst danach den Standort fragen. Präzedenzfall UK, belegt am 02.09.2026: die Lieferantenspalten waren in der UK-Datei seit jeher gefüllt (1881/1881) und nur nie gemappt
14	Nur terminieren	Finance Export	ISS-013	Sales Type und Sachnummer im Export	App	Mittel	Erledigt		Produktiv seit 27.08.2026 15:28. Beim nächsten Export die Indien-Quote im Excel gegen die App gegenprüfen
15	Umsetzung	Finance CH/AT	ISS-006	CH/AT Journal, Transport T76K912530 nach P76	SAP / Ingo	Mittel	Auf T76 erledigt, Transport offen		FinanzJournalSet auf T76/100 am 11.09.2026 gebaut, aktiviert und geprueft ($metadata und Datenabruf HTTP 200, Werte gegengelesen, bestehende Sets unveraendert). Produktiv erst nach Freigabe und Import des Transports nach P76 wirksam.
16	Umsetzung	Einkauf	PM-04	Einkauf Restpunkte SAP	Ingo	Mittel	Offen		D1/D5-Texte pflegen, SEGW-Key auf DISPO_KZ + DISPO korrigieren. Am 11.09.2026 gegen docs/rag/PURCHASING.md geprueft: beide Punkte stehen unveraendert offen, ohne Betriebsauswirkung. Das Dashboard selbst ist seit 03.09.2026 durch den Filter-Snapshot beschleunigt (Commits 756e931, 2444731).
17	Umsetzung	Marktsegmente	-	Sichtprüfläufe produktiv nachholen	Ingo	Mittel	Offen		3 Deploys angemeldet sichtprüfen: Segmente, Umfrage, Jahresfilter
18	Umsetzung	Finance Export	ISS-012	Phantom-Legendenzeile im Export	App	Niedrig	Erledigt		Produktiv deployed am 27.08.2026: Phantom-Legendenzeile wird im Konsolidierungsschritt ausgefiltert.	27.08.2026
19	Nur terminieren	Finance IT	ISS-007.1	TR IT Moving Average: technisch nicht umstellbar	Andreas / Ingo	Mittel	Wartet auf Entscheid		Paola hat am 04.09.2026 geantwortet: bestehende B1-Artikel lassen sich nicht umstellen, nur ein Neucodierungsprojekt ueber 31'600 Artikel. Andreas entscheidet ueber Notwendigkeit und Dringlichkeit, Intercompany-Wirkung mit Lucas Castro klaeren	
20	Nur terminieren	SAP PPWR	PM-06	PPWR Pilotmaterialien	Adil	Mittel	Erledigt		Komplett erledigt 2026-08-20 laut Ingo: Pilotmaterialien zugeordnet, CL30N-Abnahme gefahren
21	Nur terminieren	Finance Reporting	ISS-008	Budget-CHF als Reportinggrösse	Finance / Andreas	Niedrig	Offen		6 offene Entscheide bei Finance, nur beobachten
22	Nur terminieren	HR	PM-07	REXX automatische Auswertung	Ingo	Mittel	Wartet auf externe Firma		Exporter-Fertigstellung abwarten, danach Anbindung/Auswertung planen
23	Heute	Einkauf	-	Lagerwert Einkaufsteile	Ingo	Mittel	Teil umgesetzt, Nachweis offen		Verlauf je Woche produktiv seit 28.09.2026 (Wunsch Einkauf, von Marco bestätigt). Einkauf-Lauf fiel 10.-28.09. aus (IIS-Leerlauf), per Code abgesichert, IT-Einstellung als ISS-017 offen. Danach Armins Entscheid zu Disponent 004, MB5L-Abgleich und serverseitigen Einkauf-Lauf als Kettennachweis ausführen
24	Heute	Railway	PM-08	DE-Verkaufsbestand mit fachlichen Kundenfeldern	Ingo / DE	Hoch	Läuft	08.09.2026	Ueberholt den Stand vom 09.09. 07:20. Rohail Munirs Rechnungen_20260909.xlsx loeste den Schluessel: 60'539 Rechnungen mit fachlicher Adressnr._R, die interne RechnungsAdressenID wird nicht mehr gebraucht. Produktiver Nachzug am 09.09.2026 um 14:37, 3'043 Zeilen in einer Transaktion, fachliche Nummern von 4'549 auf 7'592 von 7'622, Segmente von 19 auf 24, quick_check ok, SalesPriceValue unveraendert. Deutscher Bahnumsatz erstmals belegbar: 2025 rund 578'636 EUR, 2026 bis 09.09. rund 432'237 EUR. OFFEN: 30 Gutschriftenzeilen ohne fachliche Nummer, weil Rohails Datei keine Gutschriften enthaelt, und die 40 Zeilen der drei Doppelnummern Sonepar, EMS und Magnetic Sense. Der Termin 08.09.2026 ist ueberschritten, neues Zieldatum offen.
25	Heute	Railway	PM-08	Railway Zuordnung übrige Standorte prüfen lassen	Patrik	Hoch	Offen	08.09.2026	171 offene Vorschlaege der anderen Standorte bleiben fachlich zu pruefen. Rohails DE-Stamm bestaetigt keine auslaendischen Kundenschluessel. DE nur direkte Belegzuordnung und reine Bahnbranche automatisch bestaetigen. Am 10.09.2026 produktiv nachgemessen und unveraendert: von 196 Zuordnungen sind 25 bestaetigt, davon 24 aus TRDE; die 171 uebrigen bleiben Namensabgleich-Vorschlaege.
26	Nur terminieren	Railway	PM-08	Railway Export für Rohail Munir	Ingo	Hoch	Läuft	08.09.2026	09.09.: korrigierte DE-Pruefmappe mit Belegnachweisen, historischen Vorschlaegen und Restliste; Bahnmarkt_Rohail_2026-09-09.xlsx aus konsistentem Produktivsnapshot erzeugt und rueckgelesen (19 DE-Kunden bestaetigt). Kein Versand erfolgt.
27	Heute	Finance Standardkosten	-	Rückfrage an Andreas zur Sitzung vom 27.08.2026	Ingo	Hoch	Erledigt		Technische Vergleichslogik abgeschlossen: Andreas kann beide Kostenquellen direkt in Settings wählen; fachliche Auswahl erfolgt im Vergleich.	27.08.2026
28	Umsetzung	Finance Standardkosten	-	Arbeitsmappe Standortkosten auf den Sitzungsstand bringen	Ingo	Mittel	Offen		Sales Type in den oberen Block ziehen, Zweig ohne Lieferant und Währungszeile ergänzen, danach Sales_All neu generieren. Als Abgleich dient docs/FINANCE_LIEFERANT_STANDARDKOSTEN_WORKFLOW_2026-09-02.svg
29	Heute	Finance Gruppenmarge	-	Schutz gegen Marge auf Verrechnungspreis greift nur bei Sales Type LRD	Andreas / Ingo	Hoch	Offen		Am 02.09.2026 im Code gefunden: GroupDistributionWithoutGroupCost prüft nur den Sales Type LRD, nicht ob eine liefernde Konzerngesellschaft erkannt wurde. Zeilen mit Lieferant Trafag AG oder Trafag Italia ohne Konzernkostentreffer zeigen still eine Marge auf dem lokalen IC-Preis. Obergrenze 19'221 Zeilen (18,3 %). Zuerst die echte Menge gegen GroupStandardCosts in der Produktiv-DB messen, dann Andreas entscheiden lassen
30	Umsetzung	Finance Standardkosten	-	Schalter Schweizer STPRS: Beschriftung und Code stimmen nicht überein	Ingo / Andreas	Mittel	Offen		ShouldUseSwissStprs prüft den SupplierType nicht und setzt die liefernde Gesellschaft bedingungslos auf TR_AG. Im Alternativmodus bekämen auch Extern-, Lokal- und Unklar-Zeilen Schweizer Kosten. Klären, ob die Bedingung im Code fehlt oder die Beschriftung zu eng ist. Produktiv unbetroffen, Default DeliveringEntityCosts
31	Nur terminieren	Finance IN	-	41 Zeilen mit Sales Type FFM und Fremdlieferant Cenlub Systems	Ingo / Indien	Niedrig	Offen		Alle 41 Konfliktzeilen gehen auf einen einzigen Lieferanten zurück. Indien prüfen lassen, ob diese Artikel wirklich Eigenfertigung sind oder der Sales Type falsch steht
32	Entscheid	Finance Journal	ISS-006.1	Ausgleichsfelder eingebaut, Bedeutung von date paid entscheiden	Andreas / Ingo	Mittel	Offen		Query am 09.09.2026 live gegengezaehlt, keine Zeilenvervielfachung. Die fuenf Felder sind seit dem Deploy vom 10.09.2026 um 08:53 PRODUKTIV, die Schemamigration hat das Journal von 29 auf 34 Spalten erweitert, 691/691 Tests gruen. Finance_All ist am selben Tag neu erzeugt worden, due date darin vollstaendig belegt. OFFEN ist nur noch der fachliche Entscheid von Andreas, was date paid bedeuten soll: Zahlungsbuchungsdatum, Ueberweisungsdatum, letzter Ausgleich oder erst vollstaendiger Ausgleich.	
33	Umsetzung	Einkauf	PM-04	Einkauf-Beschriftungen: drei Statustexte nicht ausgeliefert	Codex / Ingo	Mittel	Offen		"Beim Deploy vom 10.09.2026 um 09:40 wurde Commit d5bc321 ausgeliefert. Die zuletzt geaenderten drei Statusbeschriftungen waren NICHT committet und sind damit nicht produktiv: ""Gebuchter Spend"" statt ""Bestellwert im Zeitraum"" und ""Einteilungen"" statt ""Einteilungen im Zeitraum"". Der alte Text steht weiter an vier Stellen in PurchasingDashboard.razor und sechs in PurchasingUiTextCatalog.cs. Nachziehen und ausliefern. Ausserdem steht die produktive Sichtpruefung der neuen Kacheln und der Quellenhilfe noch aus."	
34	Entscheid	Marktsegmente	ISS-014	Branche auf Segment abbilden, rund 38 Werte	Vertrieb / Andreas	Hoch	Offen		"Am 10.09.2026 produktiv gemessen: die Segmentzuweisung laeuft fuer Deutschland automatisch, fuer die anderen acht Standorte nicht, weil dort das Branchenfeld im Quellsystem fehlt. ZSCHWEIZ ist mit 52'276 Zeilen der groesste Standort ohne jede Branche. Die 543 deutschen Kunden verteilen sich auf 38 Branchenwerte und decken 97,9 Prozent des DE-Umsatzes ab; genutzt werden bisher nur die 24 mit ""00 Bahn"", und in CustomerMarketSegments existiert ueberhaupt nur der Segmentwert Railway. Der naechste Schritt ist kein Code, sondern ein fachlicher Entscheid ueber rund 38 Zeilen. Details: docs/MARKTSEGMENTE_RAILWAY_2026-08-13.md Abschnitt 18."	
35	Nur terminieren	Railway	ISS-014.1	Zwei Datenmaengel im deutschen Kundenstamm	Rohail / Ingo	Niedrig	Offen		Am 10.09.2026 beim Branchenabgleich gefunden: Kundennummer 52 traegt zwei verschiedene Bezeichnungen, und zwei Branchenwerte enden auf ein Komma. Zusammen neun Kunden betroffen. Mit Rohail klaeren.	
36	Heute	Plattform	ISS-017	IIS-App-Pool auf Dauerbetrieb stellen	IT / Ingo	Hoch	Offen		Auf tragvapp401 startMode=AlwaysRunning, processModel.idleTimeout=00:00:00, preloadEnabled=true setzen (Befehle in docs/FINANCE_DASHBOARD_PROZESSABLAUF_2026-06-30.md). Ursache, dass der Einkauf-Lauf vom 10.09. bis 28.09. nie lief. Seit 28.09. per Selbstaufruf und Nachhol-Delta überbrückt, nicht ersetzt.	
37	Umsetzung	Plattform	-	Tempo der Webapp (größter Kritikpunkt)	Ingo	Hoch	Läuft		Erledigt am 28.09.: Oberfläche erscheint sofort (4f2c62f), Einkauf-Standardansicht vorgewärmt (d32a6aa), Management-Cockpit lokal 41 s -> 3,3 s (5a26596), Export-Dashboard 2,3 s -> 0,07 s und SQLite-Cache (c35d3fa), Alles produktiv seit 28.09. 13:32; Server-Einkaufsberechnung 104,7 s -> 24,4 s durch den SQLite-Cache. Offen: Finanzvergleich ohne CSV-Cache (2,4 s lokal), Rest-Faktor 2 der VM. Details docs/PLATTFORM_TEMPO_2026-09-28.md.	
38	Erledigt	HR	-	HR-Antworten von Sonja Richter umsetzen	Ingo	Mittel	Erledigt		Langzeitkrank ab 61. Tag, Reminderprofile ohne FTE ausgeschlossen, Restferien-Ampel nach Quartal, gleitende Prognose und Vorjahr. Produktiv seit 28.09.2026 11:25 (5ae7f31). docs/HR_KPI.md Abschnitt 8.	28.09.2026
39	Nur terminieren	HR	-	HR: periodengenaue Krankenquote und aktuelle Exporte	Sonja / Ingo	Mittel	Offen	nächster Call	Rexx-Absenzdatei hat pro Person nur Summen, periodengenau nur mit auf den Zeitraum eingegrenztem Export. Dateien auf dem Server sind vom 08.07. (Rexx) und 26.05. (SAP), neue Exporte anfordern.	
