Nr	Issue-ID	Bereich	Todo	Unterpunkt / Detail	Status	Priorität	Owner	Nächster Schritt	Nachweis / Code-Doku	Eröffnet am	Zieldatum	Letztes Update	Blocker / Entscheid	Kommentar
1	ISS-001	Sales Database / Datenzufluss	Datenzufluss TR AT, TR CH und TR FR steht seit 31.07.2026	Dachthema, Unterpunkte 1.1 und 1.2	Läuft	Hoch	Ingo	Zwei verschiedene Ursachen, getrennt abarbeiten. Die Anwendung ist in beiden Fällen entlastet	docs/Issue_Log_Kommentare_2026-08-11.tsv	11.08.2026		12.08.2026		Ursache am 12.08.2026 geklärt, vorher stand hier "nicht geprüft". Die Exporte LAUFEN: ExportLogs zeigt für alle Standorte Status OK, letzter Lauf 12.08. um 12:12 bis 12:14. Kein Fehlerlauf ausser einem einzelnen TRUK-Fehler am 11.08. Es ist also kein Exportproblem, sondern in beiden Fällen liefert die Quelle keine neuen Belege. Beweis dafür, dass nichts unterwegs verloren geht: die importierte Zeilenzahl ist bei jedem Lauf exakt gleich der Zeilenzahl in der Quelle.
1	ISS-001.1	Datenzufluss CH/AT	SAP liefert seit dem 28.07.2026 unverändert denselben Datenstand	Batchjob ZSCHWEIZ seit 12.08.2026 täglich aktiv, Wirkung am selben Tag bestätigt	Erledigt	Hoch	Ingo	Keine Aktion. Beim nächsten Monatswechsel einmal gegenprüfen, dass der Job weiterhin läuft	.tmp_tools/OdataProbe (read-only Live-Abfrage 12.08.2026)	11.08.2026		12.08.2026		BEWIESEN, nicht vermutet: die Anwendung liest korrekt das Produktivsystem travp762. Die Live-Abfrage dort liefert Gesamt 48'932 und Gjahr 2026 = 18'290. Genau diese 48'932 hat der Export bei JEDEM der 16 Läufe seit dem 28.07. importiert, und 18'290 ist exakt das Ergebnis des manuellen Reportlaufs von Ingo am 28.07. Das SAP-System selbst wird also nicht nachgefüllt. Zum Vergleich liefert das Testsystem travt762 nur 40'506 beziehungsweise 9'864, die Quellumstellung war demnach richtig und ist erledigt. ERLEDIGT am 12.08.2026: Ingo hat den Batchjob ZSCHWEIZ in SAP auf täglich gestellt, und der Gesamtexport all8.xlsx von 14:39 belegt die Wirkung noch am selben Tag. CH hat 48'276 statt 47'142 Zeilen und AT 1'839 statt 1'790, zusammen 50'115. Der August 2026 erscheint erstmals mit CH 745 und AT 40 Zeilen, der letzte Beleg beider Standorte ist der 12.08. Wichtig: dieser Wert liegt genau im vorher berechneten Erwartungsfenster von 50'100 bis 50'400. Er ist NICHT rund 18'300, das Jahr 2025 ist also erhalten geblieben, und NICHT rund 67'000, der Report hat 2026 also ersetzt und nicht verdoppelt. Beides waren die beiden Risiken der Lösch-und-Ersetz-Mechanik in CentralSalesRecordService.ReplaceForSiteAsync.
1	ISS-001.2	Datenzufluss TR FR	B1 Frankreich enthält seit dem 30.07.2026 keine Rechnung mehr	Warenausgang und Fakturierung stehen, Auftragseingang und Wareneingang laufen	Erledigt	Hoch	Frankreich / Ingo	Keiner	.tmp_tools/HanaQ gegen FR01_P mit OINV, ORIN, ODLN, ORDR und ODRF (read-only, 12.08.2026)	12.08.2026		29.09.2026	Keiner	Direkt in der Quelle geprüft: FR01_P."OINV" endet beim 30.07.2026. Mai 48, Juni 50, Juli 67 Belege, danach nichts. Die Anwendung ist damit entlastet. Saisonale Werksferien erklären es NICHT: im August 2025 hatte Frankreich 99 Zeilen, im August 2026 keine einzige. Zeitlicher Zusammenhang mit dem B1-Upgrade vom 03.08. ist möglich, aber nicht belegt, denn Italien und die USA hängen am selben HANA-Host und buchen weiter, IT bis 05.08. und US bis 10.08. NACHTRAG 12.08.2026, alle Belegarten einzeln geprüft: Rechnungen OINV letzter 30.07., Lieferscheine ODLN letzter 30.07., Gutschriften ORIN keine seit dem 25.07., Aufträge ORDR letzter 07.08., Entwürfe ODRF 12 Stück am 11.08. und alle mit ObjType 20, also Wareneingänge zu Bestellungen. Frankreich arbeitet demnach weiter, nimmt Aufträge an und empfängt Ware, liefert und fakturiert aber seit dem 30.07. nicht. Warenausgang und Faktura enden am exakt selben Tag, das deutet auf eine Betriebsschliessung oder eine Sperre im Ausgangsprozess, nicht auf ein Systemproblem. Eine zweite Firmendatenbank aus dem Upgrade gibt es nicht, SYS.SCHEMAS kennt nur FR01_P. Ebenfalls geklärt: die täglich frischen Dateien Sales_ProcessedMergeInput_TRFR und Sales_TRFR in SharePoint sind UNSERE Exportausgaben und keine Lieferung aus Frankreich; sie enthalten unverändert 2'598 Zeilen. Erwartung: der Umsatz erscheint rückwirkend mit Juli- und August-Daten, sobald Frankreich den Rückstand bucht. NACHTRAG 29.09.2026: gemessen in Sales_All_2026-09-29.xlsx, TRFR hat Rechnungen bis 28.09.2026 und 140 Zeilen seit 01.08.2026; der Datenzufluss laeuft wieder.
2	ISS-002	CH/AT Kostenbasis	WAVWR_DC / FKIMG als führende lokale Kostenbasis nutzen, Fallback auf STPRS_HC		Erledigt	Hoch	App	Keine Aktion. Die fachliche Folgefrage läuft als ISS-003.4 weiter	Services/SapCompositionService.cs; docs/FINANCE_VBRP_WAVWR_SPEZ_2026-07-16.md	27.07.2026		12.08.2026		Kostenbasis ist da und gefüllt: CH/AT 47'350 von 48'932 Zeilen (96,8 %). Am 12.08.2026 neu gemessen: CH 96,6 %, AT 99,9 %. Die frühere Folgeabhängigkeit, dass die Kostenbasis wegen leerer Lieferantenfelder in der Gruppenmarge nicht wirkt, ist durch die CH/AT-TSC-Regel und den Stammdaten-Fallback aufgelöst.
3	ISS-003	Sales Database / Lieferant und Gruppenmarge	Der Lieferant wird bei sehr vielen Gesellschaften nicht angezeigt	Dachthema, Unterpunkte 3.1 bis 3.5	Läuft	Hoch	App / Standorte	Die fünf Unterpunkte einzeln abarbeiten, nicht das Dachthema als Ganzes	docs/SUPPLIER_LAENDERSTATUS_CH_AT_PRUEFUNG_2026-08-11.md	28.07.2026		02.09.2026		Auf dem Gesamtexport all8.xlsx vom 12.08.2026, 14:39, gemessen: 18'263 von 97'537 Zeilen (18,7 %) haben alle drei Lieferantenfelder, 79'274 haben keines davon. Quote je Land: UK 100 %, IT 71,2 %, IN 11,8 %, FR 5,2 %, US 0,4 %, CH/AT/DE/ES 0 %. Der Anteil ist gegenüber dem Vormittag leicht gesunken, weil durch den CH/AT-Nachlauf 1'183 Zeilen ohne Lieferantenfelder hinzukamen; in absoluten Zahlen hat sich nichts verschlechtert. Die globale Quote allein ist fachlich nicht aussagekräftig, weil die Länder verschiedene Quellen und Ersatzmerkmale haben. NACHTRAG 02.09.2026, live gegen Sales_All_2026-09-01.xlsx gemessen (.tmp_tools/CheckSupplierClaims0902, read-only, 105'282 Zeilen): die Quote ist auf 28'248 von 105'282 (26,8 %) gestiegen. Grund ist allein Italien, das durch Paola Castagnas Pflege von OITM.CardCode von 71,2 % auf 99,9 % gesprungen ist (24'078 von 24'095, nur noch 17 leere Zeilen). Neue Quoten: UK 100,0 %, IT 99,9 %, IN 12,2 %, FR 5,1 %, US 0,4 %, CH/AT/DE/ES weiterhin 0,0 %. Der Kernbefund alles-oder-nichts ist auf der vollen Grundgesamtheit bestaetigt: NULL Zeilen mit nur einem oder zwei gefuellten Feldern. NEUER OFFENER PUNKT aus der Codepruefung desselben Tages: der Schutz gegen eine Marge auf dem Verrechnungspreis (GroupMarginCostRules.GroupDistributionWithoutGroupCost) prueft ausschliesslich den Sales Type LRD und NICHT, ob eine liefernde Konzerngesellschaft erkannt wurde. Zeilen mit Lieferant Trafag AG oder Trafag Italia ohne Konzernkostentreffer fallen still auf den lokalen IC-Preis durch und sind nirgends als offen erkennbar. Obergrenze 19'221 Zeilen (18,3 %); die echte Menge ist nur gegen GroupStandardCosts in der Produktiv-DB messbar. Siehe docs/FINANCE_SUPPLIER.md Abschnitt 4.
4	ISS-003.1	Lieferant / Klassifikation über Stammdaten	CH-Werkstamm-Fallback und lokale Standardkosten bei sicherem Nichttreffer	Technischer Ersatz für fehlende Lieferantenfelder	Erledigt	Hoch	App	Angemeldeter Sichtprüflauf der neuen Lokal-Zahl in Cockpit-Zusammenfassung, Ländertabelle und Prüfbuch	docs/FINANCE_ANDREAS_BESCHLUSS_LOKALE_STANDARDKOSTEN_2026-08-11.md; Services/GroupMarginSupplierClassifier.cs	11.08.2026		02.09.2026		Beide Stufen sind produktiv: MARC-Werk-1100-Fallback am 11.08., lokale Standardkosten bei Nichttreffer am 12.08. um 10:23. Nach dem Deploy gegen die Produktiv-DB nachgemessen: 22'950 Kandidatenzeilen, davon 10'817 CH-intern und 12'023 Lokal. Ein expliziter Supplier und ein gepflegter Sales Type behalten immer Vorrang. NACHTRAG 02.09.2026: die Kandidatenmenge ist live neu gemessen und betraegt 18'981 statt 22'950 (TRDE 7'612, TRES 7'071, TRFR 2'518, TRUS 1'615, TRIN 148, TRIT nur noch 17). Italien ist durch die Stammdatenpflege von rund 5'700 Kandidaten auf 17 gefallen. Die Aufteilung in 10'817 CH-intern und 12'023 Lokal stammt weiterhin vom 12.08.2026 und ist damit ueberholt; sie ist aus Sales_All nicht nachmessbar, weil die Datei keine Kostenquellenspalte fuehrt, und braucht eine Messung gegen die Produktivdatenbank.
5	ISS-003.2	Lieferant / lokale Standardkosten	5'274 lokale Zeilen ohne positiven lokalen Standardpreis	Schwerpunkt TRDE mit 2'252 und TRFR mit 1'203 Zeilen	Offen	Mittel	Standorte	Fachlich entscheiden, ob Deutschland und Frankreich diese Standardpreise pflegen können	.tmp_tools/MeasureAndreasLocalFallback (read-only)	12.08.2026		12.08.2026		Dazu kommen 110 Zeilen ohne Materialschlüssel, die bewusst "Lieferant unklar" bleiben, weil kein belastbarer Nichttreffer vorliegt. Füllgrad Standardkosten gesamt am 12.08.2026: FR 51,7 %, DE 68,7 %, ES 81,0 %, US 90,0 %, UK 93,5 %, IT 95,7 %, CH 96,6 %, IN 99,4 %, AT 99,9 %.
6	ISS-003.3	Lieferant / DE und ES Quelle	Deutschland und Spanien liefern 0 % Lieferantenfelder	DE zusätzlich ohne Kundenland	Geprueft, wartet auf Schemaauszug	Mittel	Ingo / Standorte	DE: read-only Auszug INFORMATION_SCHEMA.COLUMNS (%Liefer%, %Artikel%, %Kredit%) bei der IT vor Ort anfordern (Rohail), danach alphaplanExport.ps1 ueber ArtikelID und den Import erweitern. ES: Auszug %Proveedor%/%Articulo% bei Santi; findet sich kein Artikel-Lieferant, ist die Herleitung aus der Einkaufshistorie ein Fachentscheid. Technischer Auftrag, keine Bitte um Datenpflege	AlphaplanExportPackage/, SageSpainExportPackage/; docs/RAG_ROUTER.md Regel 7 und 8	28.07.2026		29.09.2026	Schemaauszug DE/ES	Deutschland: 7'332 von 7'332 Zeilen ohne jedes Lieferantenfeld und ohne CustomerCountry, am 12.08.2026 erneut gemessen. Genau dieser Fehler ist am 03.08.2026 schon einmal passiert, als Deutschland um Pflege gebeten wurde, obwohl unsere Query die Spalte nicht las. NACHTRAG 02.09.2026, PRAEZEDENZFALL UK: dieselbe Regel hat sich bei UK bereits bewaehrt. UK galt in der Doku an drei Stellen als strukturell 100 % leer; tatsaechlich waren die Lieferanten- und Kostenspalten in der UK-Datei seit jeher vorhanden und gefuellt (1881/1881, gemessen 29.07.2026) und nur nie gemappt. Nach dem Mapping-Nachzug in DatabaseSeedService.EnsureUkManualExcelMapping steht TRUK bei 3'119 von 3'119 Zeilen. Solange die Spalten ungemappt waren, war die gesamte UK-Gruppenmarge nicht berechenbar. Genau diese Pruefung steht fuer Deutschland noch aus. Die drei ueberholten Doku-Stellen wurden am 02.09.2026 korrigiert. NACHTRAG 29.09.2026, eigene Export-SQL geprueft (read-only): DE liest nur dbo.Belege/dbo.BelegePositionen, ArtikelID ohne Join, der Import ReadAlphaplanInvoicePair setzt keine Lieferantenfelder; Alphaplan fuehrt Lieferanten nachweislich (altes DE_Beispiel_Export_Daten.xlsx mit Lieferanten Nummer/Name Lieferant/Land Lieferant), die Luecke ist ein Rueckschritt durch den Wechsel auf die Beleg-CSVs. ES liest nur CabeceraAlbaranCliente/LineasAlbaranCliente; CodigoFabricanteLc und CodigoFamiliaFabricanteLc sind 0 von 4814 gefuellt; Artikel-Lieferant in unseren Schema-Auszuegen nicht nachweisbar, Lieferantennummern nur auf der Einkaufsseite (LineasAlbaranProveedor, CodigoProveedor). Reine SQL-Aenderung reicht in keinem Land, weil Quelltabellen fehlen. Fuer die Gruppenmarge faengt der CH-Werkstamm-Fallback die meisten Zeilen auf (110 von 22950 Kandidaten Unklar).
7	ISS-003.4	Lieferant / CH-AT Herstellerregel	Gilt Intern / TR_AG auch dann, wenn zum Material ein externer Einkaufsbeleg existiert?	Fachentscheid, priorisierte Stichprobe liegt vor	Offen, wartet auf Entscheid	Hoch	Andreas	Die priorisierte Stichprobe fachlich einordnen, insbesondere F88103 und R13025	docs/SUPPLIER_LAENDERSTATUS_CH_AT_PRUEFUNG_2026-08-11.md, Abschnitt Restentscheidung; docs/FINANCE_SUPPLIER.md Abschnitt 6 Nachtrag 31.08.2026	11.08.2026		02.09.2026	Entscheid Andreas	1'191 Materialien beziehungsweise 5'910 CH/AT-Zeilen (12,1 %) tragen einen Fremdbezugs-Prüfhinweis; 734 Materialien / 8'045 Zeilen sind als intern gestützt. Andreas muss nicht alle Materialien prüfen, nur die Regelfrage entscheiden. Bei einer Ausnahme zuerst eine Zusatzbedingung definieren, nicht 1'191 Materialien blind umklassifizieren. NACHTRAG 27.08.2026: Eng verwandt mit der neuen Frage in docs/FINANCE_STANDARDKOSTEN.md Abschnitt 7, ob der MARC-1100-Abgleich als Stufe 4 bestehen bleibt. Beides betrifft dieselbe Entscheidung und sollte zusammen an Andreas gehen. NACHTRAG 31.08.2026: technische Umsetzung liegt jetzt vor (Schalter MarcForeignProcurementMode, Admin Bereich > Settings), lokal implementiert und getestet (655/655 Tests gruen), NICHT deployed. Faktenbasis nachgemessen: 1201 Materialien / 5886 CH/AT-Zeilen mit aktivem externem Einkaufsbeleg (Bukrs 1100, deckt sich mit der dokumentierten Pruefliste). Hinweis: die Einkaufscache-Daten sind praktisch vollstaendig Bukrs 1100 (CH); fuer TRAT liegt kaum Fremdbezugsevidenz vor, der Schalter wirkt also faktisch fast nur auf TRCH. Status bleibt Offen, wartet auf Entscheid Andreas. NACHTRAG 02.09.2026, Abweichung zwischen Beschriftung und Code beim ZWEITEN Schalter: GroupMarginCostRules.ShouldUseSwissStprs prueft nur Modus, MARC-1100-Treffer und einen positiven Schweizer Wert und setzt die liefernde Gesellschaft danach bedingungslos auf TR_AG. Der SupplierType wird nicht geprueft. Im Alternativmodus bekaemen deshalb auch Zeilen mit echtem Drittlieferanten sowie Lokal- und Unklar-Zeilen Schweizer Konzernkosten, sobald die Schweiz das Material fuehrt (66'049 Materialien). Schaltername, GUI-Hilfetext und Doku sagen dagegen uebereinstimmend bei INTERNEM Lieferanten. Vor der Vergleichsrunde mit Andreas klaeren, ob die Bedingung im Code fehlt oder die Beschriftung zu eng ist. Produktiv unbetroffen, Default DeliveringEntityCosts. Siehe docs/FINANCE_STANDARDKOSTEN.md Abschnitt 7b.
8	ISS-003.5	Lieferant / Umschalter	Supplier-Fallback je Land wählbar statt global	Idee Ingo, 12.08.2026	Erledigt, Entscheid liegt vor	Niedrig	App / Andreas	Keiner. Andreas hat am 27.08.2026 entschieden: steht kein Lieferant, gelten die lokalen Standardkosten der verkaufenden Gesellschaft. Eine Aufteilung je Land ist damit nicht gewollt.	Services/GroupMarginSupplierClassifier.cs; ExportSettings.SupplierFallbackMode	12.08.2026		27.08.2026	Entschieden am 27.08.2026 in der Sitzung mit Andreas	Heute gibt es genau einen globalen Schalter. Je Land heisst, den Modus je Zeile im Klassifizierer aufzulösen, und Cockpit und Excel müssen das garantiert identisch tun, sonst fällt die Einheitlichkeit, die der Deploy vom 06.08.2026 hergestellt hat. Andreas wollte den Workaround ausdrücklich für die Gesellschaften standardisiert. NACHTRAG 27.08.2026: In der Sitzung zur Arbeitsmappe Standortkosten_Logik_2026-08-26.xlsx hat Andreas den Fall ohne Lieferant als extern eingestuft und die lokalen Standardkosten festgelegt; er hat ausdruecklich vor zu vielen Ausnahmen gewarnt. Belegt in docs/FINANCE_STANDARDKOSTEN.md Abschnitt 11, Beschluss B1. Offene Anschlussfrage dort: ob Stufe 4 der Kaskade, der Abgleich gegen MARC Werk 1100, bestehen bleibt.
9	ISS-004	Sales Database TR ES	TR ES Datenqualität	Dachthema, Unterpunkte 4.1 bis 4.3	Läuft	Mittel	Ingo / Spanien	Unterpunkte einzeln abarbeiten	docs/FINANCE_ISSUE_LOG_ANDREAS_2026-07-28.md §1; docs/FINANCE_ES_BUCHUNGSDATUM_2026-08-03.md	28.07.2026		12.08.2026		Spanien hat 5'712 Zeilen. Der aktuelle Datenzufluss funktioniert, letzter Beleg 10.08.2026. Die offenen Punkte betreffen die Vergangenheit und das Buchungsdatum.
10	ISS-004.1	TR ES Sales	Daten für TR ES Januar bis Mai 2026 fehlen		Erledigt	Mittel	Ingo	Keine, Luecke ist geschlossen. Restliche Buchungsdatum-Luecke ab Juni ist unter ISS-004.2 erfasst	SageSpainExportPackage/; Spain_Sales_range_20260528_to_20260603.csv	28.07.2026		18.08.2026		Am 12.08.2026 unverändert bestätigt: Januar bis April 0 Zeilen, Mai nur 35, danach normal mit Juni 542 und Juli 503. Deckt sich mit der Messung vom 11.08. Der laufende Monat ist hier bewusst nicht ausgewiesen, weil die Monatsabgrenzung für ES über InvoiceDate läuft (PostingDate ist zu 100 % leer) und deshalb nicht mit der Finance-Jahresabgrenzung gleichgesetzt werden darf. Ursache der Lücke ist der vorhandene Teilexport ab dem 28.05.
11	ISS-004.2	Sales Database TR ES	Posting Date fehlt bei TR ES	247 Zeilen haben gar kein Datum	Erledigt	Mittel	Ingo / Spanien	Keiner	SageSpainExportPackage/SageSpainFinalExportPackage/Export-SageSpainSalesCsv.ps1; Run-SpainRangeExportAndUpload-AllInOne.ps1; docs/FINANCE_ES_BUCHUNGSDATUM_2026-08-03.md Abschnitt 8	28.07.2026		29.09.2026	Keiner	STAND 17.08.2026: das Feld ist im Exportskript EINGEBAUT und wartet nur noch auf den Lauf in Spanien. Die SQL selektiert FacturasTB.FechaAsiento als PostingDate und FacturasTB.Asiento als PostingDocument, per OUTER APPLY mit TOP 1 statt JOIN, weil 70 von 3'642 Rechnungsschlüsseln mehrere Buchungszeilen haben und ein JOIN die Verkaufszeilen vervielfacht hätte. Belegt ist bisher NUR die Syntax (ScriptDom, alle vier Varianten, mit Gegenprobe); Trefferquote, Schlüsselrichtigkeit und Gutschriften sind offen. Beim ersten Lauf zwingend die Zeilenzahl gegen den Vorlauf prüfen. Nebenbefund: die Paket-Zip war seit dem rclone-Fix veraltet und wurde neu gebaut. PostingDate fehlt bei 5'712 von 5'712 ES-Zeilen (100 %), am 12.08.2026 erneut gemessen. Die Fallback-Kette PostingDate zu InvoiceDate rettet die meisten Zeilen, aber 247 Zeilen haben gar kein Datum und fallen aus jeder Jahres- und Monatsauswertung. Am 28.07. waren es 229, die Zahl wächst also. Sage hat das Buchungsdatum als FacturasTB.FechaAsiento, in der Stichprobe zu 100 % gefüllt. Offen sind der Join-Schlüssel und die Behandlung von Gutschriften. Nebenbefund: UK hat 16 Zeilen ohne jedes Datum, vorher 6. WICHTIGE KORREKTUR am 12.08.2026 gegenüber der Analyse vom 28.07.: diese Zeilen fallen NICHT aus der Auswertung heraus, sie sind schlimmer eingeordnet. Die Spalte Finance | Date im Gesamtexport nutzt die Fallback-Kette bis zum ExtractionDate, deshalb landen sie im Monat des Exportlaufs. Nachgerechnet: Spanien hat im August 2026 nach Belegdatum 86 Zeilen, im Export aber 336, Differenz genau 250; UK 91 gegenüber 107, Differenz genau 16. Der laufende Monat wird also um 266 Zeilen aufgeblasen, die fachlich in andere Perioden gehören. NACHTRAG 26.08.2026, FACHENTSCHEID GEFALLEN: Andreas hat entschieden, dass mit Buchungsdatum das RECHNUNGSDATUM gemeint ist. Umgesetzt als neue Regelart UseInvoiceDate in FinanceRuleTypes, ausgewertet in FinanceRuleEngine.ResolveFinanceDate, als Standardregel mit ScopeKey ES und MatchType Always. Bewusst als Regel statt hart im Code, damit der Geltungsbereich ohne Deploy aenderbar bleibt. Produktiv deployed am 26.08.2026 15:26, Funktionscommit 91830c2, DLL bitgleich, read-only nachgemessen: 0 Regeln dieser Art ausserhalb Spaniens. Die Umstellung ist wirkungsneutral: ueber 100'558 produktive Zeilen wechselt keine einzige das Jahr. Die Rohspalte 'posting date' im Sales_All bleibt bewusst das Buchungsdatum aus der Quelle, damit sichtbar bleibt, was Sage liefert und was daraus gerechnet wird. NACHTRAG 02.09.2026, Fuellgrad selbst gemessen gegen Sales_All_2026-09-01.xlsx: PostingDate 1'523/7'071 (21,5 %), InvoiceDate 6'838/7'071 (96,7 %). Die absolute Zahl 1'523 steht seit dem 26.08.2026 unveraendert, es kommen also derzeit keine neuen Buchungsdaten nach - das bestaetigt, dass Santis Dateitausch noch aussteht. Der Status bleibt bewusst 'Laeuft': fachlich und technisch ist alles erledigt, es fehlt allein der Tausch beim Standort. NACHTRAG 29.09.2026, Widerspruch zu Wochen_Todo aufgeloest: Am 02.09.2026 ist entschieden worden, dass die 7-Tage-Version bleibt und kein Tausch bei Santi noetig ist (Quelle: Codex-Eintrag in docs/AGENT_COORDINATION_HISTORIE.md, Wochen_Todo seit 03.09., Commit 10b8fb7). Fachliche Grundlage ist Andreas Entscheid vom 26.08.2026, dass mit Buchungsdatum das Rechnungsdatum gemeint ist (UseInvoiceDate, 91830c2); PostingDate ist damit nur Informationsspalte. Belegt ist, dass Santis Server ein Skript mit PostingDate-Spalte, aber 7-Tage-Fenster faehrt (Spain_Sales_range_20260826_to_20260901.csv: 7 Tage, 68 Zeilen, PostingDate 0 von 68 gefuellt). Die Aussage oben, der Tausch stehe aus, ist damit ueberholt. Der dabei gefundene Importstopp seit Mitte Juli ist ein eigener Punkt: ISS-020.
12	ISS-004.3	Sales Database	Customer Country code is not standardized		Erledigt	Mittel	Ingo	Keine Aktion	Services/TransformationStrategies.cs, NormalizeCountryCodeTransformationStrategy	28.07.2026		12.08.2026		Am 12.08.2026 doppelt belegt: der Typ NormalizeCountryCodeTransformationStrategy ist in der ausgelieferten Server-DLL nachgewiesen, und die spanischen Klartextnamen sind aus den Produktivdaten verschwunden. TRES zeigt jetzt ISO-2-Codes, ES 3'955, BR 244, PT 233, PE 202, MX 195. Kein einziger ES-Wert ist länger als zwei Zeichen. Der Reimport hat also stattgefunden; der Punkt war in älteren Notizen noch als "Deploy und Reimport offen" geführt.
13	ISS-005	CH/AT Datenquelle	Report Z_TRAFAG_DACH_EXPORT auf P76 für s_gjahr 2025 nachziehen	Umstellung erledigt, 2025 ist vollständig	Erledigt	Mittel	Ingo	Keine Aktion. Der Batchjob aus ISS-001.1 hält 2026 künftig aktuell	.tmp_tools/OdataProbe (read-only, 12.08.2026)	28.07.2026		12.08.2026		TEILWEISE ERLEDIGT, hier war die Aufgabenbeschreibung überholt: Sites.SapServiceUrl steht bereits auf http://travp762.sap.trafag.com:8000/..., die Umstellung auf das Produktivsystem ist also durch. Offen ist nur noch der Reportlauf für 2025. Die Live-Abfrage am 12.08. zeigt für Gjahr 2025 in BEIDEN Systemen 30'642 Zeilen, Test und Produktiv sind für 2025 also gleich; der Unterschied liegt allein in 2026 mit 9'864 gegen 18'290. Auch in Sales_All ist 2025 vollständig: CH und AT haben alle zwölf Monate 2025 belegt, CH mit 2'406 bis 3'010 Zeilen je Monat. Der ursprünglich geplante Reportlauf für 2025 ist damit gegenstandslos, dieser Punkt war die vierte überholte Angabe des Tages.
14	ISS-006	CH/AT Journal	SAP-EntitySet FinanzJournalSet als Voraussetzung für das CH/AT-Journal		Auf T76 erledigt, Transport nach P76 offen	Mittel	SAP / Ingo	Transport T76K912530 freigeben und nach P76 importieren, danach Metadata und Datenantwort auf P76 pruefen	docs/FINANCE_JOURNAL_SAP_ODATA_SPEZ_2026-07-14.md	14.07.2026		12.08.2026	Transport nach P76	Auf T76/100 am 11.09.2026 gebaut, aktiviert und geprueft: beide Redefinitionen ueber RFC gegengelesen, $metadata HTTP 200 mit 341032 statt 320752 Zeichen, Datenabruf HTTP 200, Werte gegen BKPF/BSEG/SKAT verglichen, bestehende EntitySets unveraendert HTTP 200. Leser laedt je Buchungsperiode mit $top=20000, Jahreslauf rund zwei Minuten statt 80. Produktiv wirkungslos, solange der Transport nicht importiert ist. Details docs/abap/README_FIN_JOURNAL_ENTITYSET.md
15	ISS-007	Kostenbasis / Bewertungsmethoden	Nach dem B1-Upgrade Import FR/IT/US/IN, StandardCost-Füllgrad und EvalSystem erneut prüfen	Unterpunkt 7.1 Italien	Läuft	Mittel	Ingo	Füllgrad je Standort gegen die Erwartung nach dem Upgrade bewerten und EvalSystem prüfen	docs/FINANCE_STANDARDKOSTEN_SITZUNG_ANDREAS_2026-07-27.md	27.07.2026		12.08.2026		Go-live war für den 03.08.2026 angekündigt. Die Importe laufen, alle Standorte haben ExtractionDate 11.08. Füllgrad Standardkosten am 12.08.2026 gemessen: FR 51,7 %, DE 68,7 %, ES 81,0 %, US 90,0 %, UK 93,5 %, IT 95,7 %, CH 96,6 %, IN 99,4 %, AT 99,9 %. Frankreich ist damit der Schwachpunkt. ACHTUNG bei eigenen Abfragen: StandardCost ist eine TEXT-Spalte, ein Vergleich StandardCost > 0 ist in SQLite immer wahr und liefert falsche 100 %. Nur mit CAST als REAL messen.
16	ISS-007.1	TR IT Kostenbasis	Moving Average: von Andreas am 09.09.2026 nicht priorisiert; laut Paola vom 29.09.2026 nur mit Bestand null umstellbar		Entschieden, zurueckgestellt	Mittel	Andreas / Ingo	Keiner; Rueckmeldung an Paola am 29.09.2026 versendet. Umstellung 2027 erneut betrachten	docs/FINANCE_IT_BEWERTUNGSMETHODE_PAOLA_2026-09-04.md; docs/FINANCE_IT_REFERENZKOSTEN_2026-09-09.md; docs/FINANCE_STANDARDKOSTEN.md Abschnitt 6	18.05.2026		29.09.2026		Antwort Paola Castagna vom 04.09.2026 nach Pruefung mit ihren SAP-Beratern: die Bewertungsmethode eines bestehenden B1-Artikels laesst sich nicht mehr aendern, unabhaengig vom Bestand; die Einstellung auf Firmenebene wirkt nur fuer neu angelegte Artikel. Weder Massenupdate noch artikelweise Aenderung moeglich. Einzige Angleichung waere ein Neucodierungsprojekt ueber rund 31'600 Artikel (Bestaende auf null, neue Artikelnummern, chargenweiser Bestandsimport mit Kosten, alle offenen Belege umstellen, Lagerbewegungen neu starten) plus neue technische Zeichnungen bei allen Lieferanten und neue Etiketten. Die Cost-Run-Frage stellt sich damit nicht mehr als eigener Schritt, sie steckt im Bestandsimport. KEIN Reporting-Blocker: INV1.StockPrice arbeitet auf Belegebene unabhaengig von der Bewertungsmethode. Die fruehere Aussage 'technisch als Massenupdate machbar' ist widerlegt und in FINANCE_STANDARDKOSTEN.md Abschnitt 6 als ueberholt markiert. Nachtrag 09.09.2026: Andreas Stoller antwortet, er wuerde der Umstellung derzeit keine Prioritaet geben und das Gesamtbild im naechsten Jahr erneut betrachten; Bestand auf null bringen und wieder aufbauen waere erheblicher Aufwand mit operativem Risiko. Damit ist die von Paola erbetene Konzerneinschaetzung erteilt. Die Folgefrage nach einer Referenzkost je Artikel laeuft als ISS-007.2 weiter. Nachtrag 10.09.2026: Paola stellt klar, dass ihr Befund das Ergebnis der Pruefung durch ihre SAP-Berater ist, und haelt ausdruecklich offen, dass Lucas Castro oder unsere Berater (ANG) eine Loesung oder einen Workaround kennen koennten, den sie nicht kennt. Dieser Vorbehalt bleibt unaufgeloest, ist aber gegenstandslos, solange die Umstellung nicht priorisiert ist, und ist der erste Punkt fuer ANG, falls das Thema 2027 aufgerufen wird. Nachtrag 29.09.2026: Mail von Paola nach erneuter Rueckfrage bei ihren SAP-Beratern: die Umstellung auf Moving Average ist am bestehenden Artikel technisch moeglich, aber nur nach Bestand auf null und Abschluss aller verknuepften Belege, mit Betriebsunterbruch und anschliessender Inventur. Damit ist der Befund vom 04.09.2026 (unabhaengig vom Bestand nicht aenderbar, einziger Weg Neucodierung) ueberholt; neue Artikelnummern, Zeichnungen und Etiketten sind nicht mehr zwingend. Der Aufwand bleibt hoch, der Entscheid von Andreas bleibt. NACHTRAG 29.09.2026: Ingos Antwort an Paola (Andreas in Kopie) ist versendet, Text in docs/FINANCE_IT_REFERENZKOSTEN_2026-09-09.md Abschnitt 7b.
17	ISS-008	Finance Reporting	Budget-CHF als Kontroll- und Reportinggrösse einführen		Offen	Niedrig	Finance / Andreas	Finance entscheidet Kurse und Freigabe, Pflegeprozess, Spaltenumfang, Fehlkursverhalten, Rundung und Anzeigeort	docs/FINANCE_BUDGET_CHF_FRAGEN_FINANZCHEF_2026-06-15.md	15.06.2026		12.08.2026	Sechs offene Entscheide bei Finance	Budget-CHF ist Kontroll- und Reportingkandidat, nicht Standardabgleich. Ohne diese sechs Entscheide ist keine Umsetzung sinnvoll.
18	ISS-009	Gruppenmarge	Fachfreigabe der Gruppenmarge als führender Abschlusswert		Offen	Mittel	Andreas / Finance	Freigabe erteilen oder die verbleibenden Vorbehalte benennen	docs/FINANCE_GRUPPENMARGE_2026-06-16.md; docs/FINANCE_ANZEIGE_PRUEFUNG_2026-08-06.md	16.06.2026		09.09.2026	Fachfreigabe	Bis zur Freigabe bleibt die Gruppenmarge Prüfsicht und nicht führender Finance-Abschlusswert. Voraussetzung ist im Wesentlichen ISS-003. Nachtrag 09.09.2026: Mit dem Schnitt nach der ersten internen Lieferstufe (Entscheid Andreas, ISS-007.3) misst die Kennzahl die Marge gegen die Kosten der liefernden Gesellschaft und nicht gegen Konzern-Herstellkosten. Die Benennung gehoert damit in diese Fachfreigabe, sonst verspricht der Titel mehr als die Zahl haelt. Siehe docs/FINANCE_STANDARDKOSTEN_SCHNITT_ANDREAS_2026-09-09.md Abschnitt 10.
19	ISS-010	Finance Abgrenzung	Innenumsatz und Konzerngesellschaft als Kunde, Gefahr der Doppelzählung		Offen	Mittel	Andreas	Fachliche Antwort einholen, ob und wie Innenumsätze abzugrenzen sind	docs/FINANCE_TRIN_EIGENFERTIGUNG_2026-08-05.md Abschnitt 4a	05.08.2026		05.08.2026	Offene Frage an Andreas	Betrifft die Frage, ob eine Konzerngesellschaft als Kunde zu einer Doppelzählung im Gruppenumsatz führt.
20	ISS-011	TR UK Sales	Daten TR UK für 2025 fehlen		Erledigt	Hoch	Ingo	Nur Regression bei künftigen Exporten überwachen	docs/FINANCE_UK2025_WERTFEHLER_2026-08-10.md, Abschnitt Abnahme 11.08.2026	27.07.2026		11.08.2026		Am 11.08.2026 im zentralen Excel geprüft und abgenommen: UK 2025 = 3'529'861.80 GBP = 99,7 % des Finance-Solls 3'538'972, Marge +33,8 % statt −502,7 %, 1'867 Zeilen. Wichtig für die Historie: die Zeilen waren seit dem 28.07. vollständig, die BETRÄGE aber falsch, Stückpreis statt Zeilenwert und nur 11 % des Solls. UK ist zusätzlich das einzige Land mit 100 % gefüllten Lieferantenfeldern.
21	ISS-012	Datenhygiene	Verwaiste Legendenzeile TSC = "Subsidiary abbreviation / company identifier" entfernen	Erledigt in DB und Standort-CSVs, der Konsolidierungsschritt gibt sie weiter aus	Erledigt	Niedrig	App	Keiner	lastchange.md, Codefix 9c0451e; Nachweiskette .tmp_tools/FindXlsxRow gegen all8.xlsx sowie Zeilenvergleich DB, Standort-CSVs und zentrale Audit-CSV (12.08.2026)	10.08.2026		29.09.2026		Am 12.08.2026 read-only geprüft: CentralSalesRecords enthält genau neun TSC-Werte, TRAT, TRCH, TRDE, TRES, TRFR, TRIN, TRIT, TRUK und TRUS. Die Summe der Zeilen je TSC ergibt exakt den Gesamtbestand, es gibt also keinen Restbestand unter einem anderen TSC. Der Mechanismus ist geklärt und es brauchte KEIN manuelles DELETE: die Zeile lag in SiteId 5, also TRUK, und CentralSalesRecordService.ReplaceForSiteAsync löscht bei jedem Import alle Zeilen des Standorts. Der Filter in ManualExcelDataSourceAdapter verhindert seither das Wiedereinlesen. UK exportiert täglich, damit war die Zeile beim ersten Lauf nach dem Fix verschwunden. Ältere Notizen führen sie noch als offen, weil dort nur der Codefix, nicht die Löschwirkung des Reimports betrachtet wurde. ZURÜCKGEZOGEN am 12.08.2026, 16 Uhr: der Gesamtexport all8.xlsx von 14:39 enthält die Zeile wieder, mit genau einer Zeile unter dem TSC "Subsidiary abbreviation / company identifier". Damit ist mein Erledigt-Vermerk von heute Mittag nicht haltbar. Entweder ist die Zeile nach meiner DB-Messung erneut importiert worden, oder der Gesamtexport speist sich für UK aus einer Standort-CSV beziehungsweise Manual-Import-Datei, in der die Zeile noch steht und auf die der Filter nicht wirkt. AUFGELÖST am 12.08.2026 nach Rückkehr der Freigabe, mit vier Messungen: (1) CentralSalesRecords hat genau neun TSC-Werte und 97'537 Zeilen, die Legendenzeile ist NICHT drin; (2) alle acht Standort-CSVs vom 12.08. summieren sich auf exakt 97'537 und enthalten keinen einzigen Treffer; (3) die zentrale Audit-CSV Finance_Dashboard_Audit_All_2026-08-12.csv hat 97'538 Zeilen und enthält sie; (4) all8.xlsx ebenfalls 97'538. Die Differenz ist exakt eine Zeile, es gibt also keine breitere Verunreinigung. Die Zeile trägt extraction date 28.07.2026 16:11:31, ist damit ein Überrest des UK-Backfills und kein neuer Import. Sie kommt erst im Konsolidierungsschritt hinzu, obwohl sie in keiner aktuellen Quelle steht. Wertmässig harmlos: alle Betragsfelder 0 und Finance | Include = FALSE, sie verfälscht also keine Finanzzahl. Wirkung bleibt kosmetisch: in jeder Gruppierung über all8.xlsx oder die zentrale Audit-CSV erscheint ein zehnter Phantom-Standort, in den DB-basierten Sichten der Anwendung nicht. NACHTRAG 29.09.2026: Seit dem 27.08.2026 produktiv erledigt. Services/ConsolidatedExportService.cs filtert die Zeile im Konsolidierungsschritt ueber die Konstante PhantomLegendTsc aus. Nachweis: Teilabschluss Codex vom 28.08.2026 in docs/AGENT_COORDINATION_HISTORIE.md; Wochen_Todo fuehrt den Punkt seit dem 28.08. als erledigt. Der Issue-Log war bis heute nicht nachgefuehrt.
22	ISS-013	Gesamtexport / Spaltenumfang	Sales Type und Trafag-Sachnummer fehlen im Gesamtexport	Führt beim Lesen in Excel zur Fehleinschätzung Indiens	Erledigt	Mittel	App	Keiner. Beide Felder stehen produktiv im Sales_All (Spalten 53/54) und im Nachweisblatt Gruppenmarge Details (27/28). Beim naechsten Export die Indien-Quote im Excel gegen die App gegenpruefen.	Spaltenscan mit .tmp_tools/IssueLogFacts --headers gegen all8.xlsx; Services/ExcelExportService.cs	12.08.2026		27.08.2026		Neu gefunden am 12.08.2026 beim Prüfen von all8.xlsx. Der Spaltenscan des Exports kennt Supplier number, name und country, Standard cost und Product Group, aber KEINE Spalte für Sales Type und keine Trafag-Sachnummer, obwohl CentralSalesRecords beide seit dem 05.08.2026 führt. Folge: wer die Lieferantenvollständigkeit in diesem Excel beurteilt, sieht Indien bei 11,8 % und schliesst auf eine grosse Pflegelücke. Die Anwendung klassifiziert intern aber 94,1 % der indischen Zeilen über den Sales Type. Genau diese Fehleinschätzung hat am 05.08. schon zu einer gegenstandslosen Pflegebitte an Indien geführt. Solange die Spalte im Export fehlt, wiederholt sich das bei jeder Excel-Auswertung. NACHTRAG 27.08.2026: Umgesetzt in ExcelExportService, 633/633 Tests gruen, davon drei neue in CentralExcelSalesTypeTests. Anlass war die Sitzung mit Andreas: ohne diese Felder kann er die indische Sales-Type-Steuerung im Vergleichs-Excel nicht nachvollziehen. Bewusst der Rohwert und keine Deutung; leer heisst nur, dass die Quelle das Feld nicht fuehrt. DEPLOYED am 27.08.2026 15:28, Commit 686e1e1, Wirknachweis in der DLL ueber das Literal Trafag Sachnummer.
23	ISS-014	Marktsegmente / Railway	Bahnumsatz in Sales_All ausweisen	Neue Anforderung Ingo, 12.08.2026	Offen, Vorfrage	Mittel	App / Vertrieb	Zwei Fachentscheide zuerst: (1) wird Railway am KUNDEN oder an der Anwendung bestimmt? (2) welcher Schlüssel wird gepflegt, Kundennummer je Standort oder Customer Industry in den Quellsystemen? Danach eine gepflegte Zuordnungstabelle auf Kundennummer aufbauen, keinen Namensabgleich zur Laufzeit	.tmp_tools/RailwayMappingCheck gegen all8.xlsx und Railway_MarketSurvey_TSC_2026_05.xlsx (read-only, 12.08.2026)	12.08.2026		09.09.2026	Fachentscheid vor Umsetzung	Railway_MarketSurvey_TSC_2026_05.xlsx ist eine MARKTUMFRAGE, keine Mappingtabelle. 269 Zeilen, 234 verschiedene Kundennamen, 12 Länder. Entscheidend: die Spalte Material Number ist in 0 von 269 Zeilen gefüllt, die Spalte No ebenfalls leer, und das Produktkürzel steht nur in 90 von 269 Zeilen und ist eine Familienbezeichnung wie EPR, NAR, 9B4 oder CMP 8270, keine Materialnummer. Eine Kundennummer fehlt ganz. Auf der Artikelseite gibt es also keinen Schlüssel, der auf Verkaufszeilen passt; der einzige Kandidat ist der Kundenname plus Land. Namensabgleich gemessen: 47 exakte und 104 Teilstring-Treffer, also 151 von 234, dahinter 3'165 von 90'203 Zeilen. Der Teilstring-Weg produziert aber nachweislich Fehltreffer, etwa BROT auf K.S. & BROTHERS, Stadler Rail CH und Stadler US beide auf Stadler Rail Valencia, sowie Siemens und Siemens Mobility beide auf Siemens SA. Deshalb gehört der Abgleich einmal kuratiert und dann als Kundennummer festgehalten. Zweiter Grund für die Vorfrage: die Umfrage enthält laut Spalte Status 25 Zeilen No Potential, 19 Opportunity und 12 New, beschreibt also auch Nicht-Kunden. Marktpotenzial und Ist-Umsatz sind verschiedene Grundmengen. Nachtrag 09.09.2026: Rohails Wunsch nach einem Deckungsbeitrag mit Fix-Variabel-Split fuer die Marktsegmentanalyse hat Andreas im Gespraech zurueckgestellt. Deckt sich mit dem offenen Punkt, dass kein Quellsystem den Split liefert. Solche Anforderungen sind zuerst zwischen Andreas, Ingo und Rohail abzustimmen. Siehe docs/FINANCE_STANDARDKOSTEN_SCHNITT_ANDREAS_2026-09-09.md Abschnitt 9. . " NACHTRAG 10.09.2026, produktiv gemessen: die Vorfrage ist fuer Deutschland beantwortet. Das Segment haengt am KUNDEN, und der belastbare Schluessel ist die Kundennummer plus ein gepflegtes Branchenfeld im Quellsystem. Belegt durch 24 von 24 bestaetigten DE-Zuordnungen aus Alphaplan Kundenstamm / Branche, waehrend von den 172 Eintraegen der uebrigen acht Standorte genau EINER bestaetigt ist. Der Fund darueber hinaus: 543 deutsche Kunden tragen eine gepflegte Branche ueber 38 Werte, zusammen 6887039 von 7033623 EUR DE-Umsatz oder 97,9 Prozent; genutzt werden davon bisher nur die 24 mit 00 Bahn. Naechster Schritt ist deshalb kein Code, sondern ein fachlicher Entscheid, welche Alphaplan-Branche auf welches Marktsegment abbildet, rund 38 Zeilen. Vollstaendige Branchenliste mit Kunden, Zeilen und Umsatz in docs/MARKTSEGMENTE_RAILWAY_2026-08-13.md Abschnitt 18."
24	ISS-014.1	Marktsegmente / Customer Industry	Vorhandene Spalte Customer Industry ist praktisch ungepflegt	Bestehendes Feld, könnte Zielspalte werden	Offen	Mittel	App / Standorte	Für CH prüfen, ob die SAP-Quelle ZSCHWEIZ ein Branchenfeld liefert, und es mappen. Für die B1-Standorte klären, wer die Branche pflegt	Spaltenscan und Füllgradmessung mit .tmp_tools/RailwayMappingCheck (12.08.2026)	12.08.2026		12.08.2026		Sales_All hat bereits die Spalte Customer Industry, sie ist aber fast leer: TRFR 210 von 2'598 Zeilen (8,1 %), TRIN 21 von 7'179 (0,3 %), TRIT 8 Zeilen, und CH, AT, DE, ES, UK sowie US stehen bei 0,0 %. Es gibt nur acht verschiedene Werte, dominiert von Ship Building mit 150 Zeilen und Hydrogen mit 42. Der Wert Railway existiert und steht auf genau 6 Zeilen. Das Feld ist damit die fachlich richtige Zielspalte, taugt heute aber nicht als Quelle. Besonders relevant ist CH mit 48'276 von 97'537 Zeilen und 0 % Füllgrad. . " NACHTRAG 10.09.2026: fuer Deutschland ist das Feld jetzt gefuellt und wirksam. 7433 von 7622 DE-Zeilen tragen eine Branche, 543 Kunden ueber 38 Werte, Quelle Alphaplan Kundenstamm. Neuer Fuellgrad je Standort: TRDE 7433 Zeilen und 543 Kunden, TRFR 221 und 20, TRIN 21 und 6, TRIT 10 und 2, TRSE TRUK TRUS und ZSCHWEIZ jeweils 0. ZSCHWEIZ bleibt der groesste Standort mit 52276 Zeilen und weiterhin null Branchen. Damit ist die Zielspalte fuer einen Standort nachweislich brauchbar; die Frage ist nur noch, wer sie in den uebrigen Quellsystemen pflegt. Detail in docs/MARKTSEGMENTE_RAILWAY_2026-08-13.md Abschnitt 18."
25	ISS-015	Datenhygiene / TRDE Artikelbezeichnung	RTF-Schriftmüll in der deutschen Artikelbezeichnung entfernen	Bezeichnung beginnt mit "MS Shell Dlg, Microsoft Sans Serif, , ,"; betroffen ist nur die Spalte Name	Erledigt	Mittel	Ingo	Nur Regression beobachten: der naechste Gesamtexport zieht die korrigierte Standort-CSV nach	docs/STANDORT_DE_ALPHAPLAN.md Abschnitt 8, Commit eb8cd43, Deploy und Nachzug am 09.09.2026 in docs/rag/DEPLOYMENT.md	09.09.2026		09.09.2026		3’089 von 7’615 DE-Zeilen waren betroffen, davon 2’922 mit MS Shell Dlg und 167 nur mit Microsoft Sans Serif. Die Ursache lag bei uns: NormalizeAlphaplanText entfernte die RTF-Steuerworte, nicht aber den Inhalt der Zielgruppen fonttbl und colortbl. Der Fix entfernt diese Gruppen klammerbalanciert; produktiv seit 09.09.2026 08:43 mit 688/688 Tests. Nachzug am selben Tag: 3’089 Namen in einer Transaktion, Vorher-/Nachher-Snapshot belegt null Abweichungen in den uebrigen 50 Spalten, SalesPriceValue und Segmente unveraendert. CSV und Sales-Excel auf Server und SharePoint ersetzt und zurueckgelesen. Offen bleibt nur der Gesamtexport Sales_All vom 08.09., der beim naechsten Lauf automatisch nachzieht.
26	ISS-007.2	TR IT Kostenbasis	Referenzkost je Artikel aus Bestandswert geteilt durch Bestandsmenge aus B1 ableiten		Gemessen, Fachentscheid offen	Mittel	Ingo / Andreas	Paola antworten (Entwurf docs/FINANCE_IT_REFERENZKOSTEN_2026-09-09.md Abschnitt 7c): Quelle gleich, Umfang vermutlich nicht; sie nennt die als physisch gezaehlten Lager, dann Wert auf diese Lager einschraenken und zum Monatsende abgleichen. Danach Fachentscheid Andreas: fuehrende Kostenbasis oder Plausibilisierung	docs/FINANCE_IT_REFERENZKOSTEN_2026-09-09.md; docs/FINANCE_STANDARDKOSTEN.md Abschnitte 4, 7 und 10	09.09.2026		29.09.2026	Fachentscheid Andreas: fuehrende Kostenbasis oder Vergleichsgroesse, und welcher Stichtag gilt	GEMESSEN am 09.09.2026 read-only gegen it01_p, zwei Runden, Rohprotokolle in .tmp_tools/ItReferenceCost0909/lauf1.txt und lauf2.txt. Ergebnis: ja, beide Werte liegen auf Artikelebene vor. OITM.StockValue und OITM.OnHand sind gepflegt (1077 Artikel, 987909.28 EUR, 62601 Stueck) und stimmen auf den Cent mit dem kumulierten Bestandsjournal OINM; Gegenprobe je Artikel 0 Mengenabweichungen bei 9323 Artikeln. Nicht verwendbar: OITW.StockValue und OITW.AvgPrice sind in allen 1913828 Lagerzeilen null, und OBTN.CostTotal ist nicht der offene Bestandswert (623 EUR je Stueck gegen 15.78 EUR aus den abgestimmten Quellen). Der Haken ist die Abdeckung: nur 568 von 2216 der 2026 verkauften Materialien tragen Bestand, das sind 28.9 Prozent des Umsatzes; und wo beide Werte existieren ist der Median des Verhaeltnisses zum Belegwert genau 1.00, auch getrennt nach Nummernkreis. Die Kennzahl ist damit keine neue Kostenquelle, sondern eine Bestaetigung der vorhandenen mit geringerer Abdeckung. Empfehlung: INV1.StockPrice bleibt fuehrend, Bestandskennzahl als monatliche Plausibilisierung. Nachtrag 10.09.2026: Paola wollte die Frage wegen Arbeitslast spaeter selbst pruefen; das ist damit erledigt und sollte ihr abgenommen werden. Nachtrag 29.09.2026: Paola schreibt, Italien baue mit seinen SAP-Beratern eine automatische Abfrage, die einen Moving-Average-Wert je Artikel aus den vorhandenen B1-Daten ableitet, und arbeite daran weiter. Das ist die am 09.09. zentral gemessene Kennzahl; die Rueckmeldung an Paola ist damit dringlich, weil sonst Beraterkosten fuer ein vorhandenes Ergebnis entstehen. Moeglicher Mehrwert nur, falls die Berater einen historischen gleitenden Durchschnitt aus OINM fuer Artikel ohne heutigen Bestand rechnen; das ist nicht belegt. NACHTRAG 29.09.2026: Antwort an Paola versendet; sie wurde gebeten, die Beraterarbeit an der Abfrage zurueckzustellen, da die Kennzahl zentral gemessen ist. NACHTRAG 29.09.2026 nachmittags: Paola fragt, ob Quelle und Umfang gleich sind; ihr Wert kommt aus dem SAP Inventory Audit Report, nur physische TRIT-Lager. Gemessen read-only: OINM ueber alle Lager heute 1010088.55 EUR bei 63965 Stueck; Mc 841651.04, Mc_CRES 142523.02, Lohnfertiger (Ms...) rund 21400, uebrige Mc_ rund 8500, Mc_Resi -3976.25. Negative Bestandswerte in Mc_Resi und Ms PIXSY.
27	ISS-007.3	Kostenbasis / Konzernkostenkaskade	Schnitt nach der ersten internen Lieferstufe: extern lokale Standardkosten, intern Kosten der ersten liefernden Konzerngesellschaft		Entschieden, entspricht dem Standardverhalten	Mittel	Andreas / Ingo	Kein Umbau noetig. Offen bleibt nur der Fall ohne Lieferantenfeld (10817 von 22950 Kandidatenzeilen, heute MARC Werk 1100 als Standard) und die Benennung der Kennzahl in ISS-009. Flussdiagramm vom 02.09.2026 bei naechster Erzeugung auf den Schnitt anpassen	docs/FINANCE_STANDARDKOSTEN_SCHNITT_ANDREAS_2026-09-09.md; docs/FINANCE_STANDARDKOSTEN.md Abschnitt 12	09.09.2026		09.09.2026	Keiner. Entscheid liegt vor	Andreas Stoller hat die Kaskade im Gespraech mit Ingo und Philipp Steiger entschieden: externer Lieferant heisst lokaler Standardpreis der verkaufenden Gesellschaft, interner Lieferant heisst Kosten der ersten liefernden Konzerngesellschaft und dann Schnitt, ohne Kettenaufloesung. Intern sind nur TR AG, TR IN und TR IT, also genau die drei Konzernkostentabellen. Das ist bereits das Standardverhalten von GroupMarginCostRules.GroupStandardCost, deshalb keine Codeaenderung; nur der Kommentar, der die Frage als offenen Fachentscheid fuehrte, ist nachgefuehrt. Damit ist die seit 27.08.2026 offene Frage beantwortet, ob der Schweizer STPRS unabhaengig von der liefernden Gesellschaft gilt: nein. AKZEPTIERTE UNGENAUIGKEIT, von Andreas selbst bemessen: Thermostate, die Italien von Indien zukauft und an die Toechter weiterverkauft, laufen ueber Preisliste minus 30 Prozent; dort bleibt Italiens Handelsmarge in der Kostenbasis und die Konzernmarge ist zu niedrig. Groessenordnung 200000 bis 300000 Gruppenumsatz, eine mehrstufige Rechnung ist dafuer laut Andreas unverhaeltnismaessig. Eine zweite Stufe ist ausdruecklich zurueckgestellt und nicht verworfen.
28	ISS-006.1	Finance Journal	Ausgleichsfelder (Clearing Date) aus SAP B1 in Journal und Finance_All aufnehmen		Umgesetzt, wartet auf Fachentscheid Andreas	Mittel	Ingo / Andreas	Zweistufige Ausgleichs-Query am 09.09.2026 live gegengezaehlt, basis gleich produktiv bei FR 20198, IT 162843, US 21816. Andreas entscheiden lassen, welche Bedeutung als date paid fuehrend wird: Zahlungsbuchungsdatum, Ueberweisungsdatum, letzter Ausgleich oder erst vollstaendiger Ausgleich; danach genau eine fuehrende Kennzahl ableiten. Vor Wirksamkeit je Gesellschaft einen Journal-Ladelauf ausloesen. Indien am 09.09.2026 auch mit VPN weder per Ping noch per TCP erreichbar, Belegung dort ungemessen und beim naechsten Fenster nachzuholen	docs/FINANCE_JOURNAL.md Abschnitt Zahlungsdatum / Clearing Date; Services/HanaFinancialJournalReader.cs; Tools/FinanceAll/finance_all_xlsx.py	09.09.2026		09.09.2026	Fachentscheid Andreas zur Bedeutung von date paid	Fuenf Felder je Buchungszeile aufgenommen: ClearingDate (JDT1.MthDate), ReconciliationDate (juengstes OITR.ReconDate), ClearingReference, ClearingCount und IsClearingCancelled. Live gemessen am 09.09.2026 ab 2025: FR 5680 von 20198, IT 64677 von 162833, US 9902 von 21816 Zeilen mit Ausgleichsdatum. Zwei Befunde aus der Messung: JDT1.IntrnMatch ist in FR/IT/US durchgehend 0 oder -1 und damit als Bruecke unbrauchbar, die Verknuepfung laeuft ueber ITR1.TransId/TransRowId; und eine Buchungszeile kann mehrfach ausgeglichen werden (FR 56, IT 559, US 324 Zeilen, bis zu 9 Vorgaenge), weshalb vor dem Join aggregiert wird. Die produktive Query wurde live gegengezaehlt und liefert exakt die Basiszeilenzahl, vervielfacht also keine Zeile. Bewusst NICHT eingebaut: ein abgeleitetes date paid und die Zahlungsbelege ORCT/OVPM.
29	ISS-016	Marktsegmente / TRDE Kundenschluessel	Fachliche Kundennummer an die deutschen Verkaufszeilen bringen	Alphaplan-Export liefert nur die interne RechnungsAdressenID, nicht die fachliche AdressNummer	Groesstenteils erledigt	Hoch	Ingo / Rohail Munir	Gutschriftenauszug bei Rohail anfordern, Doppelnummern Sonepar/EMS/Magnetic Sense fachlich klaeren, dauerhaft den Join in alphaplanExport.ps1 ergaenzen	docs/BAHNMARKT_DE_ANBINDUNG_2026-09-08.md Abschnitt 9, Tools/BahnmarktDeWorkbook, .tmp_tools/DeBridge0909, Bahnmarkt_DE_Kundenzuordnung_2026-09-09.xlsx	08.09.2026		09.09.2026	Gutschriften und drei Doppelnummern offen	Rohail hat am 09.09.2026 um 12:51 Rechnungen_20260909.xlsx geliefert, 60539 Rechnungen mit Rech.-Nr. und fachlicher Adressnr._R. Damit ist die Bruecke da, die vorher fehlte. Gemessen: deckt 7531 der 7615 DE-Verkaufszeilen (98,9 Prozent), stimmt in 4455 Faellen mit dem bestehenden Belegnachweis ueberein, 40 Abweichungen ausschliesslich in den drei bekannten Doppelnummern, unabhaengig gegen docs/2025_DataExport_DE.xlsx geprueft mit 2912 von 2922 gleich, alle 358 neuen Adressnummern im Kundenstamm auffindbar. Die Pruefmappe ist neu gebaut: 7585 von 7615 Zeilen zugeordnet statt 4549, nur noch 30 offen statt 3066, 24 Bahnkunden statt 19, 657 Bahnzeilen. Deutscher Bahnumsatz erstmals belegbar: 2025 rund 578636 EUR bei 19 Kunden, 2026 bis 09.09. rund 432237 EUR bei 18 Kunden. Nicht geliefert hat Rohail die Gutschriften (0 GS-Belege in 60539 Zeilen), deshalb bleiben 30 Zeilen offen. Seine Branchenspalte ist unbrauchbar, weil bei leerer Stammbranche der Rohertrag eine Spalte nach links rutscht; die Branche kommt daher aus dem Kundenstamm. NACHTRAG 09.09.2026 14:37: produktiv nachgezogen. 3043 Zeilen in einer Transaktion, fachliche Nummern von 4549 auf 7592, bestaetigte Segmente von 19 auf 24, quick_check ok, Zeilenzahl und SalesPriceValue mit 7033623.00 unveraendert. CSV und Sales-Excel im Serverordner output und auf SharePoint ersetzt und zurueckgelesen, null fremde Zellen und null Formeln veraendert, vier Routen HTTPS 200. Sicherung trafag_exporter.db.before-de-customer-backfill-20260909-143601.bak. Offen bleiben 30 Gutschriftenzeilen ohne fachliche Nummer und die 40 Zeilen der drei Doppelnummern Sonepar, EMS und Magnetic Sense, die der Nachzug bewusst nicht angefasst hat. Kein Versand an Rohail.
30	ISS-017	Plattform / Nachtlauf Einkauf	Einkauf-Lauf und Tageslauf muessen taeglich automatisch laufen	IIS-App-Pool nicht auf Dauerbetrieb: Worker wird nach rund 20 Minuten ohne Anfrage beendet; vom 10.09. bis 28.09.2026 lief kein einziger Einkauf-Lauf, Lagerwert und Verlauf blieben auf dem 10.09. stehen	Code-Absicherung produktiv und am 28.09. nachgewiesen, Server-Einstellung offen	Hoch	Ingo / IT	IT setzt beim App-Pool auf tragvapp401 startMode=AlwaysRunning und processModel.idleTimeout=00:00:00 (Befehle in docs/FINANCE_DASHBOARD_PROZESSABLAUF_2026-06-30.md). Nach dem Deploy vom 28.09. pruefen, ob die stdout-Neustarts wegfallen und der 12:00-Lauf samt Einkauf-Delta durchlaeuft.	docs/EINKAUF_LAGERWERT_2026-08-18.md Abschnitt 13.6; Commit e83591f (Nachhol-Delta, Selbstaufruf); PurchasingSyncState Id 47 = letzter Erfolg 10.09.2026	28.09.2026		28.09.2026	Kein Fernzugriff auf tragvapp401 (Zugriff verweigert, kein RDP), daher nur ueber die IT	Nachweis 28.09.: Worker 11:25-13:32 ohne Neustart, 12:00-Lauf regulaer, Einkauf-Delta 13:19 erfolgreich. Die Code-Absicherung ueberbrueckt, ersetzt die Server-Einstellung aber nicht.
31	ISS-018	Finance Dashboard / Konsistenz	Konsistenz- und Logikbefunde aus der Pruefung vom 29.09.2026 beheben	Unterpunkte ISS-018.1 bis ISS-018.7; A2, A6, B3.2, B4 und B5 bleiben hier gesammelt	Offen, Befunde bestaetigt	Hoch	Ingo / Andreas	Die sieben Unterpunkte einzeln abarbeiten. Hier gesammelt und nachrangig: A2 Kursumweg Jahresendprofil (latent), A6 DB-Summe (latent), B3.2 leere Kostenwaehrung, B4 Extraktionsdatum als Periodenrueckfall (dokumentiert), B5 Marktsegment-Sicht ohne Spanien-Regel	docs/FINANCE_REVIEW_2026-09-29.md	29.09.2026		29.09.2026	Reparaturauftrag Ingo; Fachentscheide Andreas zu B1 bis B3	Codex hat das Finanz-Dashboard am 29.09.2026 geprueft, Claude hat jeden Befund am selben Tag rein lesend gegen den Code gegengeprueft: alle bestaetigt, keiner als bewusster Entscheid dokumentiert. Produktiv wirksam und sichtbar: A1 CHF-Schalter aendert die Gruppenmarge, das Pruefbuch nicht (Hinweistext im Cockpit behauptet gleiches Kursprofil); A3 CHF-Summen tragen beim Filtern auf ein Land das lokale Waehrungslabel; A4 Pruefbuch zeigt den lokalen Stueckpreis mit der Waehrung der Konzernkosten; A5 beide Cockpit-Exporte (Pruefbuch, Gruppenmarge) enthalten nur 1000 Zeilen, vollstaendig ist allein das Nachweis-Excel. Latent, weil produktiv Tageskurs und Convert eingestellt sind: A2 Kursumweg beim Jahresendprofil bzw. 54 CHF bei Mask; A6 DB-Summe ungerechnet, nur wenn StandardCostVariable befuellt ist. Fachlich bzw. datenabhaengig: B1 Menge 0 mit Wertgutschrift ergibt positive Marge; B2 kostenlose Ware faellt samt Kosten heraus; B3.1 interner Lieferant ohne Konzernkosten meldet OK (deckt sich mit dem offenen Punkt in ISS-003), B3.2 leere Kostenwaehrung wird nicht erkannt; B4 Extraktionsdatum als Periodenrueckfall (dokumentiert); B5 Marktsegment-Sicht ohne Spanien-Regel. Die Doku-Aussage, der Cockpit-Export sei vollstaendig, ist in docs/rag/FINANCE_FORMELN.md und FINANCE_INDIKATOREN_PRUEFUNG_2026-08-07.md am 29.09. korrigiert.
32	ISS-018.1	Finance Dashboard / Konsistenz	A1: CHF-Schalter aendert die Gruppenmarge, das Pruefbuch nicht	aus ISS-018	Offen, Fachentscheid	Hoch	Ingo	Andreas entscheiden lassen, welcher Kurs mit dem CHF-Schalter gilt (Kursprofil oder fix 31.12.); danach Code und Hinweistext angleichen	docs/FINANCE_REVIEW_2026-09-29.md	29.09.2026		29.09.2026	Reparaturauftrag	Produktiv wirksam und sichtbar. Mit Schalter werden die Zeilen vorab zum Jahresendkurs in CHF umgerechnet, danach wirkt das Kursprofil nicht mehr; das Pruefbuch rechnet aus den Originalzeilen mit dem Profil. ManagementCockpitService.cs um Zeile 427, 471-526, 1510-1519; Hinweistext ab Zeile 646. 29.09.2026: nicht als rein technische Korrektur behandelt, weil die Loesung den Kurs der Cockpit-Werte festlegt.
33	ISS-018.2	Finance Dashboard / Konsistenz	A3: CHF-Summen tragen beim Filtern auf ein Land das lokale Waehrungslabel	aus ISS-018	Erledigt	Hoch	Ingo	Keiner	docs/FINANCE_REVIEW_2026-09-29.md	29.09.2026		29.09.2026	Reparaturauftrag	Sichtbar in Umsatz-, Kosten-, Margen- und DB-Kachel, wenn ohne CHF-Schalter auf ein Land oder eine Waehrung gefiltert wird. ManagementCockpitService.cs Zeile 1606-1608, 1632. ERLEDIGT 29.09.2026: DisplayCurrency der Gruppenmargen-Summe immer CHF (91fd9dc), Test GroupMarginSummary_StaysChf_WhenFilterHoldsOneCurrency, deployed 10:22.
34	ISS-018.3	Finance Dashboard / Konsistenz	A4: Pruefbuch zeigt den lokalen Stueckpreis mit der Waehrung der Konzernkosten	aus ISS-018	Erledigt	Hoch	Ingo	Keiner	docs/FINANCE_REVIEW_2026-09-29.md	29.09.2026		29.09.2026	Reparaturauftrag	Betrifft Pruefbuchspalte, Excel-Export und StandardCostChf; CostBasisChf und MarginChf stimmen. ManagementCockpitService.cs Zeile 1811-1814, 1850-1853. ERLEDIGT 29.09.2026: Stueckpreis im Pruefbuch mit lokaler Kostenwaehrung und deren Kurs, Kostenbasis bleibt in Konzernwaehrung (91fd9dc), Test AuditLedger_UnitCostKeepsLocalCurrency_WhenGroupCostIsChf, deployed 10:22.
35	ISS-018.4	Finance Dashboard / Konsistenz	A5: Cockpit-Exporte enthalten nur 1000 Zeilen	aus ISS-018	Teilweise erledigt	Hoch	Ingo	Nur falls ein vollstaendiger Cockpit-Export gewuenscht ist: eigener Download-Weg mit Streaming (wie Finance_All mit OpenXmlWriter); bis dahin gilt das Nachweis-Excel	docs/FINANCE_REVIEW_2026-09-29.md	29.09.2026		29.09.2026	Reparaturauftrag	Take(1000) in ManagementCockpitService.cs Zeile 702 f.; betrifft Pruefbuch- und Gruppenmargen-Export, beim Pruefbuch auch das zweite Blatt. Das Nachweis-Excel ist ungekappt. Doku-Aussage vom Gegenteil am 29.09. korrigiert. 29.09.2026: Beide Cockpit-Exporte fuegen bei Kappung ein Blatt Hinweis mit N von M Zeilen und Verweis auf das Nachweis-Excel an, der Cockpit-Hinweis empfiehlt den Export nicht mehr fuer die vollstaendige Nachrechnung (91fd9dc, deployed 10:22). Ein ungekappter Export ueber die Blazor-Verbindung wurde bewusst nicht gebaut: 92000 Zeilen ueber ClosedXML im Speicher und Base64 ueber SignalR sind zu schwer.
36	ISS-018.5	Finance Dashboard / Konsistenz	B1: Menge 0 mit Wertgutschrift ergibt positive Marge	aus ISS-018	Offen, Fachentscheid	Mittel	Andreas / Ingo	Andreas entscheiden lassen, wie Wertgutschriften ohne Menge in die Marge gehen; vorher Fallzahl in den Daten messen	docs/FINANCE_REVIEW_2026-09-29.md	29.09.2026		29.09.2026	Fachentscheid Andreas	Bei Menge 0 gilt der Stueckpreis als Kostenbasis; bisher nur benannt (FINANCE_INDIKATOREN_PRUEFUNG_2026-08-07.md 2i), nicht entschieden. GroupMarginCalculator.cs Zeile 72, 373-377.
37	ISS-018.6	Finance Dashboard / Konsistenz	B2: Kostenlose Ware faellt samt Kosten aus der Margensicht	aus ISS-018	Offen, Fachentscheid	Mittel	Andreas / Ingo	Andreas entscheiden lassen, ob Kosten kostenloser Ware in die Gruppenmarge gehoeren	docs/FINANCE_REVIEW_2026-09-29.md	29.09.2026		29.09.2026	Fachentscheid Andreas	Filter bekannt (FINANCE_INDIKATOREN_PRUEFUNG_2026-08-07.md 2d), dort nur als Zaehlproblem behandelt, nicht als Margenwirkung.
38	ISS-018.7	Finance Dashboard / Konsistenz	B3.1: Interner Lieferant ohne Konzernkosten meldet OK	aus ISS-018	Offen, Fachentscheid	Hoch	Andreas / Ingo	Andreas entscheiden lassen, ob solche Zeilen offen bleiben muessen statt still auf lokale Kosten zu fallen; Fallzahl gegen die Produktiv-DB messen	docs/FINANCE_REVIEW_2026-09-29.md	29.09.2026		29.09.2026	Fachentscheid Andreas	Deckt sich mit dem am 02.09.2026 in ISS-003 notierten offenen Punkt (Schutz greift nur bei Sales Type LRD). GroupMarginCalculator.cs Zeile 358-370.
39	ISS-019	Marktsegmente / Railway Gesamtsicht und DB4	Railway-Auswertung fuer alle Gesellschaften mit Umsatz und DB4 fuer Heiko und Patrick	Umsatz-Gesamtsicht; DB4-Definition; zusaetzliche Quellfelder Sage, Alphaplan, B1	Umsatz geliefert, Bestaetigung und DB4 offen	Hoch	Ingo / Patrik / Andreas	Top 15 Vorschlaege (70 % des Umsatzes) durch Patrik und Andreas bestaetigen lassen, Schweiz ueber Andreas AG-Sicht; ITEC S.R.L. (TRIT, Lohnfertiger) verwerfen; Spanien-Sprung 2026 (CAF, Barat) beim Standort klaeren; danach bereinigte Uebersicht an Rohail. DB4 erst nach Definition mit Andreas und Rohail	projektmanagement/PROJEKTSTATUS.md PM-08; docs/MARKTSEGMENTE_RAILWAY_2026-08-13.md; Tools/BahnWorkbookDb4/README.md; docs/FINANCE_STANDARDKOSTEN_SCHNITT_ANDREAS_2026-09-09.md Abschnitt 9	29.09.2026		29.09.2026	Bestaetigung Patrik; DB4-Definition Andreas/Rohail/Ingo	Teams-Anfrage vom 29.09.2026: ueber Andreas gibt es nur die Sicht der AG, Heiko und Patrick brauchen die Gesamtsicht, zumindest mit Umsatz. Technisch vorhanden (Reiter Ergebnis auf /marktsegmente und Railway-Excel-Export seit 01.09., alle Standorte, Lokalwaehrung, ohne Kosten), inhaltlich laut Messung vom 10.09. fast nur DE: 25 von 196 Zuordnungen bestaetigt (24 DE, 1 IN). DB4: keine Definition im Repo; die DB4-Spalte in Tools/BahnWorkbookDb4 ist ein unbestaetigter Kandidat aus Rohails DE-Rechnungsliste ohne Gutschriften. Andreas hat am 09.09. einen DB mit Fix/Variabel-Split abgelehnt; keine Quelle liefert einen solchen Split. Ob Patrick identisch mit Patrik ist, ist nicht belegt. NACHTRAG 29.09.2026: Rohails Frage stammt vom 12.09. Umsatz-Gesamtsicht als Railway_Umsatz_Gesamtsicht_2026-09-29.xlsx erstellt (aus dem Railway-Export, Budgetkurse): bestaetigt 679602/652228 CHF (2025/2026), Vorschlaege 4192960/3745589 CHF, davon CH 2,62/1,93 Mio. Plausibilisiert: DE-Bahn 579/432 TEUR gegen Rohails Rechnungsliste Branche Bahn 586/434 TEUR; Datenbasis DE, IN, US gegen Rechnungsliste bzw. Journal auf 0,5 bis 1,4 %; Top 15 Vorschlaege = 70 % des Vorschlagsumsatzes, 14 eindeutig Bahn; ITEC S.R.L. Fehltreffer; ES 2026 30 % des Standortumsatzes auffaellig. Patrick in Rohails Nachricht ist sehr wahrscheinlich Patrick Hertach. Details docs/MARKTSEGMENTE_RAILWAY_2026-08-13.md Abschnitt 20.
40	ISS-020	Standortdaten / TR ES Import	Seit Mitte Juli kommen keine neuen Spanien-Zeilen in der Produktion an, der Bestand schrumpft	Ursache bestaetigt, Korrektur produktiv seit 29.09.2026 09:25	Erledigt	Hoch	Ingo	Keiner	Services/SharePointUploadService.cs Zeile 137; Produktiv-DB-Kopien vom 02.09., 09.09. und 28.09. im Scratchpad	29.09.2026		29.09.2026	Keiner	Gemessen am 29.09.2026 read-only gegen Kopien der Produktiv-DB: TRES 7040 Zeilen mit neuestem LineRegistrationDate 28.07. (Backup 02.09.), 6915 bis 22.07. (Backup 09.09.), 6772 bis 15.07. (live 28.09.), jeweils 0 Zeilen ab August. ExportLogs der Site sinken von 6876 am 14.09. auf 6772 am 28.09. Santi liefert laut Datei vom 02.09. weiter taeglich 7-Tage-Exporte. Verdacht, im Code bestaetigt, in der Wirkung noch nicht: die Ordnerliste wird mit Children.GetAsync() ohne Folgeseiten gelesen; Graph liefert standardmaessig hoechstens 200 Eintraege, im Spanien-Ordner liegen seit Mai taeglich CSV- und Summary-Dateien. Damit waeren die neuesten Dateien fuer den Import unsichtbar. Betrifft moeglicherweise auch andere Ordner mit vielen Dateien. Wirkt auf Finance, Marktsegmente und Railway fuer Spanien. NACHTRAG 29.09.2026: Ursache bestaetigt ueber das AppEventLog der Produktiv-DB (Meldung Neueste SharePoint-Datei ausgewaehlt, Site 7): der Import waehlte am 20.08. 125 Dateien bis Spain_Sales_range_20260731_to_20260806, am 02.09. 107 bis 20260722_to_20260728, am 09.09. 95 bis 20260716_to_20260722, am 28.09. 81 bis 20260709_to_20260715. Jeden Tag faellt eine Datei aus der ersten Graph-Seite, weil taeglich eine alphabetisch fruehere Datei dazukommt. Korrektur 60cc569: alle fuenf Ordnerlisten in SharePointUploadService lesen die Folgeseiten (CollectAllPagesAsync, Seitenobergrenze 1000), vier neue Tests, 741/741 gruen, deployed 29.09.2026 09:25 ohne Alarm (docs/rag/DEPLOYMENT.md). UK und DE waehlten aktuelle Dateien und waren nicht betroffen. Sales_All_2026-09-28.xlsx enthaelt Spanien damit nur bis 15.07.2026. NACHWEIS 29.09.2026: Nach dem Spanien-Import enthaelt Sales_All_2026-09-29.xlsx 8109 TRES-Zeilen (vorher 6772) mit Rechnungsdatum bis 28.09.2026; 2026 je Monat Jun 542, Jul 503, Aug 314, Sep 486.
